"","Date","Single","Semi_Detached","Row","Apartment","Total","Semi_Detach","Month","Year"
"1","Jan-90",1946,102,746,2272,5066,102,"Jan-90",1990
"2","Feb-90",1088,70,437,950,2545,70,"Feb-90",1990
"3","Mar-90",1277,69,589,1997,3932,69,"Mar-90",1990
"4","Apr-90",1972,110,502,1522,4106,110,"Apr-90",1990
"5","May-90",2180,137,836,1965,5118,137,"May-90",1990
"6","Jun-90",1775,162,591,1144,3672,162,"Jun-90",1990
"7","Jul-90",1576,169,396,2245,4386,169,"Jul-90",1990
"8","Aug-90",923,94,445,912,2374,94,"Aug-90",1990
"9","Sep-90",1521,169,792,596,3078,169,"Sep-90",1990
"10","Oct-90",1225,104,599,401,2329,104,"Oct-90",1990
"11","Nov-90",1110,99,506,745,2460,99,"Nov-90",1990
"12","Dec-90",820,59,218,655,1752,59,"Dec-90",1990
"13","Jan-91",499,22,216,1217,1954,22,"Jan-91",1991
"14","Feb-91",320,44,412,562,1338,44,"Feb-91",1991
"15","Mar-91",615,45,287,244,1191,45,"Mar-91",1991
"16","Apr-91",1098,66,546,759,2469,66,"Apr-91",1991
"17","May-91",1691,93,727,569,3080,93,"May-91",1991
"18","Jun-91",2373,72,1034,1168,4647,72,"Jun-91",1991
"19","Jul-91",2531,160,581,1682,4954,160,"Jul-91",1991
"20","Aug-91",2173,146,673,1662,4654,146,"Aug-91",1991
"21","Sep-91",1603,164,907,1751,4425,164,"Sep-91",1991
"22","Oct-91",1605,107,1034,598,3344,107,"Oct-91",1991
"23","Nov-91",1434,98,952,975,3459,98,"Nov-91",1991
"24","Dec-91",1018,64,712,592,2386,64,"Dec-91",1991
"25","Jan-92",848,50,636,310,1844,50,"Jan-92",1992
"26","Feb-92",691,55,406,1517,2669,55,"Feb-92",1992
"27","Mar-92",771,111,528,1301,2711,111,"Mar-92",1992
"28","Apr-92",1716,262,781,1803,4562,262,"Apr-92",1992
"29","May-92",1928,198,808,1508,4442,198,"May-92",1992
"30","Jun-92",1964,166,671,609,3410,166,"Jun-92",1992
"31","Jul-92",2047,302,522,2123,4994,302,"Jul-92",1992
"32","Aug-92",1722,114,469,810,3115,114,"Aug-92",1992
"33","Sep-92",1600,122,713,1061,3496,122,"Sep-92",1992
"34","Oct-92",1600,120,640,408,2768,120,"Oct-92",1992
"35","Nov-92",1831,252,493,987,3563,252,"Nov-92",1992
"36","Dec-92",1389,182,284,681,2536,182,"Dec-92",1992
"37","Jan-93",992,152,321,91,1556,152,"Jan-93",1993
"38","Feb-93",894,84,404,200,1582,84,"Feb-93",1993
"39","Mar-93",766,92,344,993,2195,92,"Mar-93",1993
"40","Apr-93",1622,214,486,754,3076,214,"Apr-93",1993
"41","May-93",1915,113,545,803,3376,113,"May-93",1993
"42","Jun-93",1626,137,561,93,2417,137,"Jun-93",1993
"43","Jul-93",1692,108,597,817,3214,108,"Jul-93",1993
"44","Aug-93",1455,138,812,109,2514,138,"Aug-93",1993
"45","Sep-93",1420,180,544,675,2819,180,"Sep-93",1993
"46","Oct-93",1512,180,528,1009,3229,180,"Oct-93",1993
"47","Nov-93",1363,246,671,1470,3750,246,"Nov-93",1993
"48","Dec-93",1354,178,462,486,2480,178,"Dec-93",1993
"49","Jan-94",929,91,434,220,1674,91,"Jan-94",1994
"50","Feb-94",580,78,268,811,1737,78,"Feb-94",1994
"51","Mar-94",899,114,416,260,1689,114,"Mar-94",1994
"52","Apr-94",2042,320,640,519,3521,320,"Apr-94",1994
"53","May-94",2347,230,661,358,3596,230,"May-94",1994
"54","Jun-94",2197,358,549,350,3454,358,"Jun-94",1994
"55","Jul-94",2491,287,681,701,4160,287,"Jul-94",1994
"56","Aug-94",2131,266,688,281,3366,266,"Aug-94",1994
"57","Sep-94",2036,284,666,553,3539,284,"Sep-94",1994
"58","Oct-94",2172,312,712,717,3913,312,"Oct-94",1994
"59","Nov-94",1771,230,542,506,3049,230,"Nov-94",1994
"60","Dec-94",1252,149,222,91,1714,149,"Dec-94",1994
"61","Jan-95",871,64,341,405,1681,64,"Jan-95",1995
"62","Feb-95",751,40,366,530,1687,40,"Feb-95",1995
"63","Mar-95",691,62,316,826,1895,62,"Mar-95",1995
"64","Apr-95",1182,278,526,572,2558,278,"Apr-95",1995
"65","May-95",1241,192,313,229,1975,192,"May-95",1995
"66","Jun-95",1564,152,363,572,2651,152,"Jun-95",1995
"67","Jul-95",997,90,495,412,1994,90,"Jul-95",1995
"68","Aug-95",1194,159,415,589,2357,159,"Aug-95",1995
"69","Sep-95",1245,264,472,621,2602,264,"Sep-95",1995
"70","Oct-95",1294,128,400,284,2106,128,"Oct-95",1995
"71","Nov-95",1186,196,857,637,2876,196,"Nov-95",1995
"72","Dec-95",1135,116,587,764,2602,116,"Dec-95",1995
"73","Jan-96",898,90,243,349,1580,90,"Jan-96",1996
"74","Feb-96",604,52,316,374,1346,52,"Feb-96",1996
"75","Mar-96",857,92,221,271,1441,92,"Mar-96",1996
"76","Apr-96",1452,156,447,129,2184,156,"Apr-96",1996
"77","May-96",2007,498,612,420,3537,498,"May-96",1996
"78","Jun-96",2163,402,608,283,3456,402,"Jun-96",1996
"79","Jul-96",2199,300,927,14,3440,300,"Jul-96",1996
"80","Aug-96",1775,259,918,78,3030,259,"Aug-96",1996
"81","Sep-96",1824,196,899,826,3745,196,"Sep-96",1996
"82","Oct-96",1844,208,784,322,3158,208,"Oct-96",1996
"83","Nov-96",1851,292,892,379,3414,292,"Nov-96",1996
"84","Dec-96",1707,278,584,668,3237,278,"Dec-96",1996
"85","Jan-97",1078,192,379,563,2212,192,"Jan-97",1997
"86","Feb-97",1442,278,411,215,2346,278,"Feb-97",1997
"87","Mar-97",1393,242,374,246,2255,242,"Mar-97",1997
"88","Apr-97",2282,258,771,804,4115,258,"Apr-97",1997
"89","May-97",2859,398,996,28,4281,398,"May-97",1997
"90","Jun-97",2458,226,691,105,3480,226,"Jun-97",1997
"91","Jul-97",2553,262,948,356,4119,262,"Jul-97",1997
"92","Aug-97",2724,525,774,345,4368,525,"Aug-97",1997
"93","Sep-97",2608,522,783,397,4310,522,"Sep-97",1997
"94","Oct-97",2680,252,951,164,4047,252,"Oct-97",1997
"95","Nov-97",2219,194,1303,135,3851,194,"Nov-97",1997
"96","Dec-97",1790,392,637,707,3526,392,"Dec-97",1997
"97","Jan-98",1469,174,722,257,2622,174,"Jan-98",1998
"98","Feb-98",1348,166,793,152,2459,166,"Feb-98",1998
"99","Mar-98",1172,364,603,1148,3287,364,"Mar-98",1998
"100","Apr-98",2367,298,675,848,4188,298,"Apr-98",1998
"101","May-98",2551,346,1055,369,4321,346,"May-98",1998
"102","Jun-98",2136,260,739,240,3375,260,"Jun-98",1998
"103","Jul-98",1740,162,371,598,2871,162,"Jul-98",1998
"104","Aug-98",2208,326,728,664,3926,326,"Aug-98",1998
"105","Sep-98",2132,482,935,533,4082,482,"Sep-98",1998
"106","Oct-98",2371,490,1018,430,4309,490,"Oct-98",1998
"107","Nov-98",2172,450,828,384,3834,450,"Nov-98",1998
"108","Dec-98",2155,526,669,509,3859,526,"Dec-98",1998
"109","Jan-99",1308,478,311,641,2738,478,"Jan-99",1999
"110","Feb-99",1435,292,719,557,3003,292,"Feb-99",1999
"111","Mar-99",1474,350,627,768,3219,350,"Mar-99",1999
"112","Apr-99",2720,614,564,1276,5174,614,"Apr-99",1999
"113","May-99",2954,646,939,1435,5974,646,"May-99",1999
"114","Jun-99",3014,630,743,815,5202,630,"Jun-99",1999
"115","Jul-99",2965,364,804,484,4617,364,"Jul-99",1999
"116","Aug-99",2732,422,745,1170,5069,422,"Aug-99",1999
"117","Sep-99",2687,519,816,765,4787,519,"Sep-99",1999
"118","Oct-99",2466,444,845,1055,4810,444,"Oct-99",1999
"119","Nov-99",2439,775,844,1242,5300,775,"Nov-99",1999
"120","Dec-99",2690,474,1302,275,4741,474,"Dec-99",1999
"121","Jan-00",1843,494,622,167,3126,494,"Jan-00",2000
"122","Feb-00",1333,356,480,2136,4305,356,"Feb-00",2000
"123","Mar-00",2110,406,570,1052,4138,406,"Mar-00",2000
"124","Apr-00",3125,816,999,973,5913,816,"Apr-00",2000
"125","May-00",3023,478,795,381,4677,478,"May-00",2000
"126","Jun-00",2939,468,682,375,4464,468,"Jun-00",2000
"127","Jul-00",3205,796,1060,1525,6586,796,"Jul-00",2000
"128","Aug-00",2722,516,838,818,4894,516,"Aug-00",2000
"129","Sep-00",2646,726,868,1278,5518,726,"Sep-00",2000
"130","Oct-00",2576,582,1051,1878,6087,582,"Oct-00",2000
"131","Nov-00",2977,490,1141,877,5485,490,"Nov-00",2000
"132","Dec-00",2629,602,913,574,4718,602,"Dec-00",2000
"133","Jan-01",1887,522,471,1307,4187,522,"Jan-01",2001
"134","Feb-01",1591,490,443,930,3454,490,"Feb-01",2001
"135","Mar-01",1973,560,830,988,4351,560,"Mar-01",2001
"136","Apr-01",2814,632,851,1408,5705,632,"Apr-01",2001
"137","May-01",2691,570,660,1727,5648,570,"May-01",2001
"138","Jun-01",2995,624,989,1803,6411,624,"Jun-01",2001
"139","Jul-01",2500,478,693,617,4288,478,"Jul-01",2001
"140","Aug-01",2990,750,1076,1767,6583,750,"Aug-01",2001
"141","Sep-01",2521,592,596,1386,5095,592,"Sep-01",2001
"142","Oct-01",3086,354,905,1082,5427,354,"Oct-01",2001
"143","Nov-01",3045,550,778,1467,5840,550,"Nov-01",2001
"144","Dec-01",2522,464,826,1230,5042,464,"Dec-01",2001
"145","Jan-02",2044,698,768,2144,5654,698,"Jan-02",2002
"146","Feb-02",1958,440,526,783,3707,440,"Feb-02",2002
"147","Mar-02",2515,480,524,1293,4812,480,"Mar-02",2002
"148","Apr-02",3546,530,1042,1008,6126,530,"Apr-02",2002
"149","May-02",4206,612,1069,1043,6930,612,"May-02",2002
"150","Jun-02",4166,542,1130,272,6110,542,"Jun-02",2002
"151","Jul-02",3997,726,1003,1392,7118,726,"Jul-02",2002
"152","Aug-02",4055,508,1067,1086,6716,508,"Aug-02",2002
"153","Sep-02",3488,378,1015,686,5567,378,"Sep-02",2002
"154","Oct-02",4149,711,1214,883,6957,711,"Oct-02",2002
"155","Nov-02",3101,322,775,2197,6395,322,"Nov-02",2002
"156","Dec-02",2905,408,787,548,4648,408,"Dec-02",2002
"157","Jan-03",1767,244,731,452,3194,244,"Jan-03",2003
"158","Feb-03",1838,360,663,3541,6402,360,"Feb-03",2003
"159","Mar-03",1952,452,503,1531,4438,452,"Mar-03",2003
"160","Apr-03",3375,474,837,1166,5852,474,"Apr-03",2003
"161","May-03",3660,605,988,837,6090,605,"May-03",2003
"162","Jun-03",3873,586,937,1131,6527,586,"Jun-03",2003
"163","Jul-03",3697,679,1082,1086,6544,679,"Jul-03",2003
"164","Aug-03",3504,633,1262,1634,7033,633,"Aug-03",2003
"165","Sep-03",3129,485,1197,1501,6312,485,"Sep-03",2003
"166","Oct-03",3462,434,1178,3181,8255,434,"Oct-03",2003
"167","Nov-03",3168,662,1209,744,5783,662,"Nov-03",2003
"168","Dec-03",2628,346,722,1208,4904,346,"Dec-03",2003
"169","Jan-04",1562,304,548,444,2858,304,"Jan-04",2004
"170","Feb-04",1836,262,826,387,3311,262,"Feb-04",2004
"171","Mar-04",2336,284,971,1652,5243,284,"Mar-04",2004
"172","Apr-04",3103,414,961,2013,6491,414,"Apr-04",2004
"173","May-04",4072,642,1329,964,7007,642,"May-04",2004
"174","Jun-04",3663,494,943,1835,6935,494,"Jun-04",2004
"175","Jul-04",3895,476,1097,624,6092,476,"Jul-04",2004
"176","Aug-04",3587,334,889,3385,8195,334,"Aug-04",2004
"177","Sep-04",3117,336,1159,1573,6185,336,"Sep-04",2004
"178","Oct-04",3244,344,1102,2127,6817,344,"Oct-04",2004
"179","Nov-04",2847,482,908,1489,5726,482,"Nov-04",2004
"180","Dec-04",2267,266,880,936,4349,266,"Dec-04",2004
"181","Jan-05",1457,252,586,471,2766,252,"Jan-05",2005
"182","Feb-05",1371,266,923,861,3421,266,"Feb-05",2005
"183","Mar-05",1604,142,639,1848,4233,142,"Mar-05",2005
"184","Apr-05",2992,562,773,1940,6267,562,"Apr-05",2005
"185","May-05",3383,450,924,774,5531,450,"May-05",2005
"186","Jun-05",3421,428,1418,2839,8106,428,"Jun-05",2005
"187","Jul-05",2837,386,1397,3452,8072,386,"Jul-05",2005
"188","Aug-05",2549,302,1069,973,4893,302,"Aug-05",2005
"189","Sep-05",2692,582,753,909,4936,582,"Sep-05",2005
"190","Oct-05",2420,259,815,879,4373,259,"Oct-05",2005
"191","Nov-05",2363,348,1228,2172,6111,348,"Nov-05",2005
"192","Dec-05",2320,294,609,1773,4996,294,"Dec-05",2005
"193","Jan-06",1717,270,898,1084,3969,270,"Jan-06",2006
"194","Feb-06",1628,256,787,896,3567,256,"Feb-06",2006
"195","Mar-06",1517,240,639,1791,4187,240,"Mar-06",2006
"196","Apr-06",2190,440,833,1610,5073,440,"Apr-06",2006
"197","May-06",2509,458,855,1847,5669,458,"May-06",2006
"198","Jun-06",2879,340,1064,2368,6651,340,"Jun-06",2006
"199","Jul-06",2617,268,940,2775,6600,268,"Jul-06",2006
"200","Aug-06",2432,358,640,1417,4847,358,"Aug-06",2006
"201","Sep-06",2486,256,570,853,4165,256,"Sep-06",2006
"202","Oct-06",2524,244,696,1882,5346,244,"Oct-06",2006
"203","Nov-06",2299,439,819,1598,5155,439,"Nov-06",2006
"204","Dec-06",1935,316,895,840,3986,316,"Dec-06",2006
"205","Jan-07",1824,386,872,1169,4251,386,"Jan-07",2007
"206","Feb-07",1210,164,523,488,2385,164,"Feb-07",2007
"207","Mar-07",1368,226,539,722,2855,226,"Mar-07",2007
"208","Apr-07",2248,308,983,989,4528,308,"Apr-07",2007
"209","May-07",2849,414,1361,1514,6138,414,"May-07",2007
"210","Jun-07",3053,422,900,1070,5445,422,"Jun-07",2007
"211","Jul-07",3078,256,1152,1441,5927,256,"Jul-07",2007
"212","Aug-07",2903,320,805,1172,5200,320,"Aug-07",2007
"213","Sep-07",2698,364,861,2298,6221,364,"Sep-07",2007
"214","Oct-07",2551,324,726,1787,5388,324,"Oct-07",2007
"215","Nov-07",3254,426,1030,1436,6146,426,"Nov-07",2007
"216","Dec-07",1981,190,678,269,3118,190,"Dec-07",2007
"217","Jan-08",1671,170,748,1407,3996,170,"Jan-08",2008
"218","Feb-08",1512,136,409,2112,4169,136,"Feb-08",2008
"219","Mar-08",1477,154,626,2477,4734,154,"Mar-08",2008
"220","Apr-08",2270,206,921,2678,6075,206,"Apr-08",2008
"221","May-08",2852,286,1057,1739,5934,286,"May-08",2008
"222","Jun-08",2553,346,1107,3506,7512,346,"Jun-08",2008
"223","Jul-08",2385,340,1074,727,4526,340,"Jul-08",2008
"224","Aug-08",2426,268,1029,3670,7393,268,"Aug-08",2008
"225","Sep-08",1845,320,988,3539,6692,320,"Sep-08",2008
"226","Oct-08",2166,196,927,3569,6858,196,"Oct-08",2008
"227","Nov-08",1669,335,697,1740,4441,335,"Nov-08",2008
"228","Dec-08",1482,280,575,1414,3751,280,"Dec-08",2008
"229","Jan-09",871,250,384,1104,2609,250,"Jan-09",2009
"230","Feb-09",613,68,361,931,1973,68,"Feb-09",2009
"231","Mar-09",656,177,422,2503,3758,177,"Mar-09",2009
"232","Apr-09",964,188,488,880,2520,188,"Apr-09",2009
"233","May-09",1428,284,530,1161,3403,284,"May-09",2009
"234","Jun-09",1566,228,447,1756,3997,228,"Jun-09",2009
"235","Jul-09",1592,284,555,906,3337,284,"Jul-09",2009
"236","Aug-09",1530,186,609,1429,3754,186,"Aug-09",2009
"237","Sep-09",1898,258,580,1503,4239,258,"Sep-09",2009
"238","Oct-09",2090,206,675,2671,5642,206,"Oct-09",2009
"239","Nov-09",2160,364,873,1010,4407,364,"Nov-09",2009
"240","Dec-09",2019,228,780,682,3709,228,"Dec-09",2009
"241","Jan-10",1692,194,570,593,3049,194,"Jan-10",2010
"242","Feb-10",1459,152,574,1654,3839,152,"Feb-10",2010
"243","Mar-10",1563,112,588,837,3100,112,"Mar-10",2010
"244","Apr-10",1918,334,815,1663,4730,334,"Apr-10",2010
"245","May-10",2128,238,998,2062,5426,238,"May-10",2010
"246","Jun-10",2160,140,676,1354,4330,140,"Jun-10",2010
"247","Jul-10",2012,196,840,1426,4474,196,"Jul-10",2010
"248","Aug-10",1927,322,1106,1829,5184,322,"Aug-10",2010
"249","Sep-10",1664,182,807,1761,4414,182,"Sep-10",2010
"250","Oct-10",1677,172,920,723,3492,172,"Oct-10",2010
"251","Nov-10",2092,364,940,3195,6591,364,"Nov-10",2010
"252","Dec-10",1658,174,544,744,3120,174,"Dec-10",2010
"253","Jan-11",1301,178,243,1393,3115,178,"Jan-11",2011
"254","Feb-11",1118,253,428,2067,3866,253,"Feb-11",2011
"255","Mar-11",1130,122,623,2878,4753,122,"Mar-11",2011
"256","Apr-11",1676,268,707,3171,5822,268,"Apr-11",2011
"257","May-11",1715,182,659,2112,4668,182,"May-11",2011
"258","Jun-11",2581,318,885,2348,6132,318,"Jun-11",2011
"259","Jul-11",2092,160,590,3215,6057,160,"Jul-11",2011
"260","Aug-11",1986,234,963,2280,5463,234,"Aug-11",2011
"261","Sep-11",1864,215,639,2257,4975,215,"Sep-11",2011
"262","Oct-11",1955,320,1172,2492,5939,320,"Oct-11",2011
"263","Nov-11",2313,250,876,1085,4524,250,"Nov-11",2011
"264","Dec-11",1947,252,772,2277,5248,252,"Dec-11",2011
"265","Jan-12",1306,152,931,3058,5447,152,"Jan-12",2012
"266","Feb-12",1097,364,707,1910,4078,364,"Feb-12",2012
"267","Mar-12",1151,224,836,3597,5808,224,"Mar-12",2012
"268","Apr-12",1967,226,829,4538,7560,226,"Apr-12",2012
"269","May-12",1865,244,835,3380,6324,244,"May-12",2012
"270","Jun-12",1987,191,834,2774,5786,191,"Jun-12",2012
"271","Jul-12",1904,246,998,2852,6000,246,"Jul-12",2012
"272","Aug-12",1934,420,934,3973,7261,420,"Aug-12",2012
"273","Sep-12",1816,166,961,2658,5601,166,"Sep-12",2012
"274","Oct-12",1863,222,703,2541,5329,222,"Oct-12",2012
"275","Nov-12",1746,334,608,2208,4896,334,"Nov-12",2012
"276","Dec-12",1720,232,684,3241,5877,232,"Dec-12",2012
"277","Jan-13",999,286,457,932,2674,286,"Jan-13",2013
"278","Feb-13",991,158,307,2667,4123,158,"Feb-13",2013
"279","Mar-13",1044,58,672,1694,3468,58,"Mar-13",2013
"280","Apr-13",1629,289,543,1082,3543,289,"Apr-13",2013
"281","May-13",1896,292,1060,2348,5596,292,"May-13",2013
"282","Jun-13",1898,294,681,2096,4969,294,"Jun-13",2013
"283","Jul-13",1810,266,888,2019,4983,266,"Jul-13",2013
"284","Aug-13",1700,274,1105,2775,5854,274,"Aug-13",2013
"285","Sep-13",1535,188,492,2237,4452,188,"Sep-13",2013
"286","Oct-13",1648,236,692,2963,5539,236,"Oct-13",2013
"287","Nov-13",1731,306,776,2099,4912,306,"Nov-13",2013
"288","Dec-13",1479,136,619,1929,4163,136,"Dec-13",2013
"289","Jan-14",1070,82,664,2026,3842,82,"Jan-14",2014
"290","Feb-14",730,60,365,2746,3901,60,"Feb-14",2014
"291","Mar-14",798,178,502,829,2307,178,"Mar-14",2014
"292","Apr-14",1284,238,723,2725,4970,238,"Apr-14",2014
"293","May-14",1957,344,1114,2113,5528,344,"May-14",2014
"294","Jun-14",2067,244,979,1387,4677,244,"Jun-14",2014
"295","Jul-14",2074,287,713,2517,5591,287,"Jul-14",2014
"296","Aug-14",1793,212,932,1205,4142,212,"Aug-14",2014
"297","Sep-14",1624,204,661,1385,3874,204,"Sep-14",2014
"298","Oct-14",1718,202,739,1458,4117,202,"Oct-14",2014
"299","Nov-14",1727,176,889,1890,4682,176,"Nov-14",2014
"300","Dec-14",1417,132,683,2086,4318,132,"Dec-14",2014
"301","Jan-15",892,100,375,2686,4053,100,"Jan-15",2015
"302","Feb-15",674,68,331,1389,2462,68,"Feb-15",2015
"303","Mar-15",681,94,264,3346,4385,94,"Mar-15",2015
"304","Apr-15",1683,201,835,2028,4747,201,"Apr-15",2015
"305","May-15",2201,95,1457,3611,7364,95,"May-15",2015
"306","Jun-15",2228,145,1029,1649,5051,145,"Jun-15",2015
"307","Jul-15",2184,152,879,1101,4316,152,"Jul-15",2015
"308","Aug-15",2096,284,869,4728,7977,284,"Aug-15",2015
"309","Sep-15",1987,118,703,4251,7059,118,"Sep-15",2015
"310","Oct-15",2147,182,856,2810,5995,182,"Oct-15",2015
"311","Nov-15",2084,138,1108,3774,7104,138,"Nov-15",2015
"312","Dec-15",1840,164,1111,790,3905,164,"Dec-15",2015
"313","Jan-16",1120,114,490,1642,3366,114,"Jan-16",2016
"314","Feb-16",1143,60,489,2829,4521,60,"Feb-16",2016
"315","Mar-16",1110,62,752,3639,5563,62,"Mar-16",2016
"316","Apr-16",1454,204,869,2028,4555,204,"Apr-16",2016
"317","May-16",2205,214,1003,2321,5743,214,"May-16",2016
"318","Jun-16",2622,198,912,3615,7347,198,"Jun-16",2016
"319","Jul-16",2320,190,1022,2673,6205,190,"Jul-16",2016
"320","Aug-16",2094,170,989,2549,5802,170,"Aug-16",2016
"321","Sep-16",2022,194,1038,1787,5041,194,"Sep-16",2016
"322","Oct-16",2229,214,1245,2962,6650,214,"Oct-16",2016
"323","Nov-16",2213,100,1021,1055,4389,100,"Nov-16",2016
"324","Dec-16",2239,90,841,2640,5810,90,"Dec-16",2016
"325","Jan-17",1465,112,783,3687,6047,112,"Jan-17",2017
"326","Feb-17",1510,126,713,2135,4484,126,"Feb-17",2017
"327","Mar-17",1362,210,1131,2548,5251,210,"Mar-17",2017
"328","Apr-17",1690,195,993,2128,5006,195,"Apr-17",2017
"329","May-17",1723,196,880,1416,4215,196,"May-17",2017
"330","Jun-17",2513,230,1284,2480,6507,230,"Jun-17",2017
"331","Jul-17",2103,250,1498,2534,6385,250,"Jul-17",2017
"332","Aug-17",1939,152,1559,3901,7551,152,"Aug-17",2017
"333","Sep-17",2159,368,1327,1952,5806,368,"Sep-17",2017
"334","Oct-17",1600,234,1188,1502,4524,234,"Oct-17",2017
"335","Nov-17",1861,188,1718,4064,7831,188,"Nov-17",2017
"336","Dec-17",1799,152,992,1621,4564,152,"Dec-17",2017
"337","Jan-18",1135,264,494,3338,5231,264,"Jan-18",2018
"338","Feb-18",1053,80,423,5302,6858,80,"Feb-18",2018
"339","Mar-18",1216,106,594,2579,4495,106,"Mar-18",2018
"340","Apr-18",1325,98,722,2522,4667,98,"Apr-18",2018
"341","May-18",1897,146,953,1405,4401,146,"May-18",2018
"342","Jun-18",1888,184,1173,5333,8578,184,"Jun-18",2018
"343","Jul-18",1650,174,746,2848,5418,174,"Jul-18",2018
"344","Aug-18",1499,108,953,2333,4893,108,"Aug-18",2018
"345","Sep-18",1591,344,993,3072,6000,344,"Sep-18",2018
"346","Oct-18",1364,154,1239,4203,6960,154,"Oct-18",2018
"347","Nov-18",1367,106,1319,3670,6462,106,"Nov-18",2018
"348","Dec-18",1246,148,940,2707,5041,148,"Dec-18",2018
"349","Jan-19",683,68,923,2921,4595,68,"Jan-19",2019
"350","Feb-19",512,70,746,1785,3113,70,"Feb-19",2019
"351","Mar-19",654,44,592,2617,3907,44,"Mar-19",2019
"352","Apr-19",940,114,1441,3860,6355,114,"Apr-19",2019
"353","May-19",1409,84,1006,1504,4003,84,"May-19",2019
"354","Jun-19",1717,146,954,2801,5618,146,"Jun-19",2019
"355","Jul-19",1518,157,968,2789,5432,157,"Jul-19",2019
"356","Aug-19",1771,130,1405,3404,6710,130,"Aug-19",2019
"357","Sep-19",1410,188,1263,3879,6740,188,"Sep-19",2019
"358","Oct-19",1424,106,851,3197,5578,106,"Oct-19",2019
"359","Nov-19",1295,171,1185,2373,5024,171,"Nov-19",2019
"360","Dec-19",1212,114,1005,1781,4112,114,"Dec-19",2019
"361","Jan-20",821,70,581,2726,4198,70,"Jan-20",2020
"362","Feb-20",892,90,783,3096,4861,90,"Feb-20",2020
"363","Mar-20",1113,98,832,2074,4117,98,"Mar-20",2020
"364","Apr-20",970,102,652,5272,6996,102,"Apr-20",2020
"365","May-20",1387,194,851,2065,4497,194,"May-20",2020
"366","Jun-20",1650,237,1070,3520,6477,237,"Jun-20",2020
"367","Jul-20",1786,164,1095,3817,6862,164,"Jul-20",2020
"368","Aug-20",1709,184,1027,6339,9259,184,"Aug-20",2020
"369","Sep-20",1649,202,1138,3372,6361,202,"Sep-20",2020
"370","Oct-20",1957,234,867,3502,6560,234,"Oct-20",2020
"371","Nov-20",1849,365,1512,3162,6888,365,"Nov-20",2020
"372","Dec-20",1347,168,782,2842,5139,168,"Dec-20",2020
"373","Jan-21",1014,156,508,3910,5588,156,"Jan-21",2021
"374","Feb-21",1336,92,576,2661,4665,92,"Feb-21",2021
"375","Mar-21",1487,142,1437,4900,7966,142,"Mar-21",2021
"376","Apr-21",2026,334,911,3833,7104,334,"Apr-21",2021
"377","May-21",1960,197,1193,3889,7239,197,"May-21",2021
"378","Jun-21",1747,139,1227,3418,6531,139,"Jun-21",2021
"379","Jul-21",2150,194,1371,3741,7456,194,"Jul-21",2021
"380","Aug-21",2070,130,1415,4518,8133,130,"Aug-21",2021
"381","Sep-21",1629,104,1221,4353,7307,104,"Sep-21",2021
"382","Oct-21",1503,186,1193,3050,5932,186,"Oct-21",2021
"383","Nov-21",1797,216,1512,6784,10309,216,"Nov-21",2021
"384","Dec-21",1434,124,853,2259,4670,124,"Dec-21",2021
"385","Jan-22",1015,150,688,1260,3113,150,"Jan-22",2022
"386","Feb-22",1057,154,641,4729,6581,154,"Feb-22",2022
"387","Mar-22",1277,152,1063,3086,5578,152,"Mar-22",2022
"388","Apr-22",1513,157,1603,2178,5451,157,"Apr-22",2022
"389","May-22",1635,176,1465,3293,6569,176,"May-22",2022
"390","Jun-22",1697,138,1549,4193,7577,138,"Jun-22",2022
"391","Jul-22",1769,116,1272,4340,7497,116,"Jul-22",2022
"392","Aug-22",1982,169,1986,4100,8237,169,"Aug-22",2022
"393","Sep-22",1617,168,1156,7433,10374,168,"Sep-22",2022
"394","Oct-22",1575,94,1200,3845,6714,94,"Oct-22",2022
"395","Nov-22",1613,100,1595,4652,7960,100,"Nov-22",2022
"396","Dec-22",1145,80,876,5728,7829,80,"Dec-22",2022
"397","Jan-23",807,96,684,2809,4396,96,"Jan-23",2023
"398","Feb-23",916,86,759,4847,6608,86,"Feb-23",2023
"399","Mar-23",873,74,900,3576,5423,74,"Mar-23",2023
"400","Apr-23",858,66,867,6562,8353,66,"Apr-23",2023
"401","May-23",1046,98,1080,3035,5259,98,"May-23",2023
"402","Jun-23",1181,160,1068,7264,9673,160,"Jun-23",2023
"403","Jul-23",1121,84,1260,5331,7796,84,"Jul-23",2023
"404","Aug-23",1014,158,1285,4258,6715,158,"Aug-23",2023
"405","Sep-23",1020,158,1279,5585,8042,158,"Sep-23",2023
"406","Oct-23",1186,98,878,5686,7848,98,"Oct-23",2023
"407","Nov-23",1011,120,1203,2699,5033,120,"Nov-23",2023
"408","Dec-23",851,70,597,3549,5067,70,"Dec-23",2023
"409","Jan-24",592,32,601,4308,5533,32,"Jan-24",2024
"410","Feb-24",508,80,458,5171,6217,80,"Feb-24",2024
"411","Mar-24",769,104,820,3486,5179,104,"Mar-24",2024
"412","Apr-24",758,120,725,3618,5221,120,"Apr-24",2024
"413","May-24",904,152,1041,4587,6684,152,"May-24",2024
"414","Jun-24",885,48,894,3303,5130,48,"Jun-24",2024
"415","Jul-24",971,78,938,6409,8396,78,"Jul-24",2024
"416","Aug-24",1066,74,1119,2531,4790,74,"Aug-24",2024
"417","Sep-24",1206,90,956,2700,4952,90,"Sep-24",2024
"418","Oct-24",1070,110,863,2829,4872,110,"Oct-24",2024
"419","Nov-24",1166,113,1061,2446,4786,113,"Nov-24",2024
"420","Dec-24",806,56,744,2931,4537,56,"Dec-24",2024
"421","Jan-25",455,32,450,2815,3752,32,"Jan-25",2025
"422","Feb-25",433,46,620,2706,3805,46,"Feb-25",2025
"423","Mar-25",471,42,824,1401,2738,42,"Mar-25",2025
"424","Apr-25",649,96,611,3531,4887,96,"Apr-25",2025
"425","May-25",680,52,536,3916,5184,52,"May-25",2025
"426","Jun-25",912,104,848,2843,4707,104,"Jun-25",2025
"427","Jul-25",755,74,705,4356,5890,74,"Jul-25",2025
"428","Aug-25",822,60,774,2766,4422,60,"Aug-25",2025
"429","Sep-25",724,74,788,5556,7142,74,"Sep-25",2025
"430","Oct-25",839,112,649,1596,3196,112,"Oct-25",2025
"431","Nov-25",891,113,811,2772,4587,113,"Nov-25",2025
"432","Dec-25",584,64,711,5809,7168,64,"Dec-25",2025
"433","Jan-26",477,30,347,3192,4046,30,"Jan-26",2026
"434","Feb-26",342,38,388,3570,4338,38,"Feb-26",2026
"435","Mar-26",408,14,589,2390,3401,14,"Mar-26",2026
"436","Apr-26",491,42,671,5082,6286,42,"Apr-26",2026
"437","May-26",672,82,498,3895,5147,82,"May-26",2026
"438","Jun-26",839,92,745,3147,4823,92,"Jun-26",2026
"439","Jul-26",877,126,810,2218,4031,126,"Jul-26",2026
