"","Date","Single","Semi_Detach","Row","Apartment","Total","Year","Month"
"1",1990-01-01,3392,157,789,2881,7219,"1990","January"
"2",1990-02-01,2909,150,367,1860,5286,"1990","February"
"3",1990-03-01,3033,140,703,3198,7074,"1990","March"
"4",1990-04-01,2802,142,562,2510,6016,"1990","April"
"5",1990-05-01,2575,183,352,1976,5086,"1990","May"
"6",1990-06-01,2750,146,728,1579,5203,"1990","June"
"7",1990-07-01,2751,188,881,2268,6088,"1990","July"
"8",1990-08-01,2820,244,477,1416,4957,"1990","August"
"9",1990-09-01,3060,197,617,1626,5500,"1990","September"
"10",1990-10-01,2671,253,1006,2845,6775,"1990","October"
"11",1990-11-01,2490,192,926,1809,5417,"1990","November"
"12",1990-12-01,2058,157,983,1548,4746,"1990","December"
"13",1991-01-01,2742,236,826,3364,7168,"1991","January"
"14",1991-02-01,1453,156,506,1712,3827,"1991","February"
"15",1991-03-01,1130,77,572,1814,3593,"1991","March"
"16",1991-04-01,1192,110,575,1845,3722,"1991","April"
"17",1991-05-01,1211,148,433,2465,4257,"1991","May"
"18",1991-06-01,1345,125,516,2162,4148,"1991","June"
"19",1991-07-01,1592,145,410,1554,3701,"1991","July"
"20",1991-08-01,1973,164,685,1522,4344,"1991","August"
"21",1991-09-01,2361,186,355,1615,4517,"1991","September"
"22",1991-10-01,2715,154,857,2226,5952,"1991","October"
"23",1991-11-01,2484,170,819,842,4315,"1991","November"
"24",1991-12-01,2182,143,761,1172,4258,"1991","December"
"25",1992-01-01,2110,117,995,2883,6105,"1992","January"
"26",1992-02-01,1711,176,962,896,3745,"1992","February"
"27",1992-03-01,1483,87,651,856,3077,"1992","March"
"28",1992-04-01,1341,106,518,766,2731,"1992","April"
"29",1992-05-01,1442,94,1027,1471,4034,"1992","May"
"30",1992-06-01,2086,142,727,1301,4256,"1992","June"
"31",1992-07-01,2035,191,740,1395,4361,"1992","July"
"32",1992-08-01,2785,210,1260,2612,6867,"1992","August"
"33",1992-09-01,2806,374,597,863,4640,"1992","September"
"34",1992-10-01,2642,250,1609,1214,5715,"1992","October"
"35",1992-11-01,2173,274,838,987,4272,"1992","November"
"36",1992-12-01,2150,270,1179,2014,5613,"1992","December"
"37",1993-01-01,2123,216,537,1461,4337,"1993","January"
"38",1993-02-01,1500,164,225,615,2504,"1993","February"
"39",1993-03-01,1388,178,704,985,3255,"1993","March"
"40",1993-04-01,1478,204,539,700,2921,"1993","April"
"41",1993-05-01,1472,148,374,549,2543,"1993","May"
"42",1993-06-01,1676,153,453,1042,3324,"1993","June"
"43",1993-07-01,1942,210,646,2470,5268,"1993","July"
"44",1993-08-01,2482,174,416,1849,4921,"1993","August"
"45",1993-09-01,2335,266,1167,1100,4868,"1993","September"
"46",1993-10-01,2162,246,467,722,3597,"1993","October"
"47",1993-11-01,1910,224,889,309,3332,"1993","November"
"48",1993-12-01,1773,232,554,904,3463,"1993","December"
"49",1994-01-01,1708,200,560,483,2951,"1994","January"
"50",1994-02-01,1258,182,499,783,2722,"1994","February"
"51",1994-03-01,1204,126,558,752,2640,"1994","March"
"52",1994-04-01,1343,172,520,569,2604,"1994","April"
"53",1994-05-01,1615,184,416,379,2594,"1994","May"
"54",1994-06-01,1765,192,417,571,2945,"1994","June"
"55",1994-07-01,2365,342,759,784,4250,"1994","July"
"56",1994-08-01,2499,350,624,1032,4505,"1994","August"
"57",1994-09-01,2733,383,695,666,4477,"1994","September"
"58",1994-10-01,2778,372,878,1287,5315,"1994","October"
"59",1994-11-01,2395,282,617,1083,4377,"1994","November"
"60",1994-12-01,2283,318,694,766,4061,"1994","December"
"61",1995-01-01,1575,188,495,1009,3267,"1995","January"
"62",1995-02-01,1347,204,514,388,2453,"1995","February"
"63",1995-03-01,1425,160,243,93,1921,"1995","March"
"64",1995-04-01,1335,137,394,706,2572,"1995","April"
"65",1995-05-01,1172,162,432,484,2250,"1995","May"
"66",1995-06-01,1439,236,519,530,2724,"1995","June"
"67",1995-07-01,1682,172,316,808,2978,"1995","July"
"68",1995-08-01,1868,202,913,473,3456,"1995","August"
"69",1995-09-01,1671,211,416,704,3002,"1995","September"
"70",1995-10-01,1802,218,663,182,2865,"1995","October"
"71",1995-11-01,1389,206,340,337,2272,"1995","November"
"72",1995-12-01,1564,208,367,538,2677,"1995","December"
"73",1996-01-01,1361,234,409,714,2718,"1996","January"
"74",1996-02-01,1132,150,419,623,2324,"1996","February"
"75",1996-03-01,1161,132,313,661,2267,"1996","March"
"76",1996-04-01,1062,146,485,464,2157,"1996","April"
"77",1996-05-01,1077,198,450,641,2366,"1996","May"
"78",1996-06-01,1460,190,526,555,2731,"1996","June"
"79",1996-07-01,1949,216,551,276,2992,"1996","July"
"80",1996-08-01,2163,232,582,556,3533,"1996","August"
"81",1996-09-01,2813,336,445,226,3820,"1996","September"
"82",1996-10-01,2265,384,831,1105,4585,"1996","October"
"83",1996-11-01,2334,312,601,371,3618,"1996","November"
"84",1996-12-01,1988,298,944,776,4006,"1996","December"
"85",1997-01-01,1884,263,557,486,3190,"1997","January"
"86",1997-02-01,1556,294,598,113,2561,"1997","February"
"87",1997-03-01,1676,260,698,312,2946,"1997","March"
"88",1997-04-01,1958,286,968,1204,4416,"1997","April"
"89",1997-05-01,1869,324,929,440,3562,"1997","May"
"90",1997-06-01,2108,265,766,333,3472,"1997","June"
"91",1997-07-01,2806,358,700,334,4198,"1997","July"
"92",1997-08-01,3004,340,828,223,4395,"1997","August"
"93",1997-09-01,3414,402,615,356,4787,"1997","September"
"94",1997-10-01,2964,314,885,730,4893,"1997","October"
"95",1997-11-01,2841,400,790,274,4305,"1997","November"
"96",1997-12-01,2696,344,822,726,4588,"1997","December"
"97",1998-01-01,2489,462,764,267,3982,"1998","January"
"98",1998-02-01,2175,228,858,280,3541,"1998","February"
"99",1998-03-01,1969,384,809,500,3662,"1998","March"
"100",1998-04-01,2239,262,745,287,3533,"1998","April"
"101",1998-05-01,1968,260,981,243,3452,"1998","May"
"102",1998-06-01,2132,278,925,573,3908,"1998","June"
"103",1998-07-01,2047,232,667,80,3026,"1998","July"
"104",1998-08-01,2511,308,696,16,3531,"1998","August"
"105",1998-09-01,2832,264,920,125,4141,"1998","September"
"106",1998-10-01,2436,346,587,57,3426,"1998","October"
"107",1998-11-01,2737,334,555,108,3734,"1998","November"
"108",1998-12-01,2692,348,962,477,4479,"1998","December"
"109",1999-01-01,2231,270,667,87,3255,"1999","January"
"110",1999-02-01,2515,444,647,914,4520,"1999","February"
"111",1999-03-01,2516,400,997,1097,5010,"1999","March"
"112",1999-04-01,2331,380,617,166,3494,"1999","April"
"113",1999-05-01,2466,366,610,314,3756,"1999","May"
"114",1999-06-01,2803,662,1006,725,5196,"1999","June"
"115",1999-07-01,2829,482,757,238,4306,"1999","July"
"116",1999-08-01,3573,584,935,193,5285,"1999","August"
"117",1999-09-01,3348,506,650,323,4827,"1999","September"
"118",1999-10-01,3055,528,668,419,4670,"1999","October"
"119",1999-11-01,3164,638,927,1664,6393,"1999","November"
"120",1999-12-01,3133,346,1112,531,5122,"1999","December"
"121",2000-01-01,2529,578,715,144,3966,"2000","January"
"122",2000-02-01,2228,549,936,1061,4774,"2000","February"
"123",2000-03-01,2725,506,852,928,5011,"2000","March"
"124",2000-04-01,2214,408,864,164,3650,"2000","April"
"125",2000-05-01,2517,506,1116,677,4816,"2000","May"
"126",2000-06-01,2658,554,960,963,5135,"2000","June"
"127",2000-07-01,3350,634,1045,2094,7123,"2000","July"
"128",2000-08-01,3494,646,792,850,5782,"2000","August"
"129",2000-09-01,3619,652,849,1158,6278,"2000","September"
"130",2000-10-01,3254,570,762,399,4985,"2000","October"
"131",2000-11-01,3343,570,740,404,5057,"2000","November"
"132",2000-12-01,2670,368,790,996,4824,"2000","December"
"133",2001-01-01,3160,871,892,511,5434,"2001","January"
"134",2001-02-01,2541,594,771,227,4133,"2001","February"
"135",2001-03-01,2366,540,535,387,3828,"2001","March"
"136",2001-04-01,2591,410,1052,1151,5204,"2001","April"
"137",2001-05-01,2517,404,970,175,4066,"2001","May"
"138",2001-06-01,2786,626,1053,411,4876,"2001","June"
"139",2001-07-01,3120,512,981,831,5444,"2001","July"
"140",2001-08-01,4448,1050,1419,657,7574,"2001","August"
"141",2001-09-01,3911,884,1086,1364,7245,"2001","September"
"142",2001-10-01,4308,1022,1065,327,6722,"2001","October"
"143",2001-11-01,3301,718,1128,1273,6420,"2001","November"
"144",2001-12-01,3257,520,708,80,4565,"2001","December"
"145",2002-01-01,2882,420,746,1474,5522,"2002","January"
"146",2002-02-01,2793,512,696,1246,5247,"2002","February"
"147",2002-03-01,3173,605,755,1589,6122,"2002","March"
"148",2002-04-01,2746,674,831,904,5155,"2002","April"
"149",2002-05-01,3290,560,814,916,5580,"2002","May"
"150",2002-06-01,3192,626,1074,863,5755,"2002","June"
"151",2002-07-01,3939,508,1274,1490,7211,"2002","July"
"152",2002-08-01,4584,698,840,1272,7394,"2002","August"
"153",2002-09-01,4609,605,801,1024,7039,"2002","September"
"154",2002-10-01,4494,713,1082,1033,7322,"2002","October"
"155",2002-11-01,4055,620,1075,1704,7454,"2002","November"
"156",2002-12-01,4067,526,1051,2448,8092,"2002","December"
"157",2003-01-01,3299,384,946,870,5499,"2003","January"
"158",2003-02-01,2827,532,638,1077,5074,"2003","February"
"159",2003-03-01,3088,298,850,859,5095,"2003","March"
"160",2003-04-01,3178,448,874,1805,6305,"2003","April"
"161",2003-05-01,3049,307,648,1430,5434,"2003","May"
"162",2003-06-01,3307,394,704,1066,5471,"2003","June"
"163",2003-07-01,3590,507,975,677,5749,"2003","July"
"164",2003-08-01,4010,455,1037,832,6334,"2003","August"
"165",2003-09-01,3827,565,768,1389,6549,"2003","September"
"166",2003-10-01,4424,575,1244,1472,7715,"2003","October"
"167",2003-11-01,4032,559,868,391,5850,"2003","November"
"168",2003-12-01,4021,560,1199,1260,7040,"2003","December"
"169",2004-01-01,3621,488,788,1489,6386,"2004","January"
"170",2004-02-01,2985,380,742,586,4693,"2004","February"
"171",2004-03-01,3046,526,813,829,5214,"2004","March"
"172",2004-04-01,3016,447,1074,1273,5810,"2004","April"
"173",2004-05-01,3100,598,1033,1641,6372,"2004","May"
"174",2004-06-01,3270,386,1129,2050,6835,"2004","June"
"175",2004-07-01,4206,541,1248,893,6888,"2004","July"
"176",2004-08-01,3866,361,1090,760,6077,"2004","August"
"177",2004-09-01,4184,585,1223,1380,7372,"2004","September"
"178",2004-10-01,4325,400,1026,2070,7821,"2004","October"
"179",2004-11-01,4425,634,1168,1210,7437,"2004","November"
"180",2004-12-01,3839,440,1176,395,5850,"2004","December"
"181",2005-01-01,3323,292,1064,965,5644,"2005","January"
"182",2005-02-01,3187,339,741,1297,5564,"2005","February"
"183",2005-03-01,3044,454,772,3826,8096,"2005","March"
"184",2005-04-01,2903,392,817,146,4258,"2005","April"
"185",2005-05-01,3026,477,827,1193,5523,"2005","May"
"186",2005-06-01,2880,334,1008,1417,5639,"2005","June"
"187",2005-07-01,3193,286,917,1720,6116,"2005","July"
"188",2005-08-01,3534,338,1025,2480,7377,"2005","August"
"189",2005-09-01,3927,322,1014,357,5620,"2005","September"
"190",2005-10-01,3330,567,1236,841,5974,"2005","October"
"191",2005-11-01,3454,458,1060,1552,6524,"2005","November"
"192",2005-12-01,3234,599,993,1277,6103,"2005","December"
"193",2006-01-01,2622,347,824,3171,6964,"2006","January"
"194",2006-02-01,2535,322,789,1392,5038,"2006","February"
"195",2006-03-01,2570,370,945,1400,5285,"2006","March"
"196",2006-04-01,2632,270,745,1442,5089,"2006","April"
"197",2006-05-01,2749,355,984,1771,5859,"2006","May"
"198",2006-06-01,2907,478,1071,776,5232,"2006","June"
"199",2006-07-01,3077,356,1228,2330,6991,"2006","July"
"200",2006-08-01,3449,575,1138,1846,7008,"2006","August"
"201",2006-09-01,3094,418,1039,1071,5622,"2006","September"
"202",2006-10-01,2742,359,958,1306,5365,"2006","October"
"203",2006-11-01,3105,415,722,469,4711,"2006","November"
"204",2006-12-01,2719,321,690,1126,4856,"2006","December"
"205",2007-01-01,2971,285,737,3080,7073,"2007","January"
"206",2007-02-01,2153,223,683,634,3693,"2007","February"
"207",2007-03-01,2146,252,746,574,3718,"2007","March"
"208",2007-04-01,2420,225,744,818,4207,"2007","April"
"209",2007-05-01,2296,321,669,446,3732,"2007","May"
"210",2007-06-01,2442,354,950,985,4731,"2007","June"
"211",2007-07-01,2849,367,835,1752,5803,"2007","July"
"212",2007-08-01,2611,305,941,536,4393,"2007","August"
"213",2007-09-01,2980,356,1045,930,5311,"2007","September"
"214",2007-10-01,2735,363,955,804,4857,"2007","October"
"215",2007-11-01,3272,359,931,1516,6078,"2007","November"
"216",2007-12-01,2963,307,1126,872,5268,"2007","December"
"217",2008-01-01,2420,186,559,718,3883,"2008","January"
"218",2008-02-01,2192,205,742,2525,5664,"2008","February"
"219",2008-03-01,2117,232,573,1796,4718,"2008","March"
"220",2008-04-01,2333,228,698,1582,4841,"2008","April"
"221",2008-05-01,2638,404,787,1752,5581,"2008","May"
"222",2008-06-01,2721,279,992,2160,6152,"2008","June"
"223",2008-07-01,2741,335,977,987,5040,"2008","July"
"224",2008-08-01,3120,304,983,472,4879,"2008","August"
"225",2008-09-01,3133,249,863,1984,6229,"2008","September"
"226",2008-10-01,3108,229,838,1072,5247,"2008","October"
"227",2008-11-01,2779,200,1106,2333,6418,"2008","November"
"228",2008-12-01,2727,352,836,2280,6195,"2008","December"
"229",2009-01-01,1952,212,761,910,3835,"2009","January"
"230",2009-02-01,1815,214,561,2368,4958,"2009","February"
"231",2009-03-01,1868,295,678,908,3749,"2009","March"
"232",2009-04-01,1798,381,887,2682,5748,"2009","April"
"233",2009-05-01,1906,220,735,2652,5513,"2009","May"
"234",2009-06-01,1852,198,786,1412,4248,"2009","June"
"235",2009-07-01,1889,348,597,902,3736,"2009","July"
"236",2009-08-01,1888,295,910,503,3596,"2009","August"
"237",2009-09-01,1699,336,723,797,3555,"2009","September"
"238",2009-10-01,1848,284,901,1103,4136,"2009","October"
"239",2009-11-01,1822,264,708,1904,4698,"2009","November"
"240",2009-12-01,1918,284,555,1836,4593,"2009","December"
"241",2010-01-01,1649,228,416,1960,4253,"2010","January"
"242",2010-02-01,1667,262,407,774,3110,"2010","February"
"243",2010-03-01,1768,167,410,934,3279,"2010","March"
"244",2010-04-01,1888,271,677,2121,4957,"2010","April"
"245",2010-05-01,2316,217,671,721,3925,"2010","May"
"246",2010-06-01,2479,286,996,3030,6791,"2010","June"
"247",2010-07-01,2614,413,1003,2856,6886,"2010","July"
"248",2010-08-01,2194,228,970,2572,5964,"2010","August"
"249",2010-09-01,2243,194,834,2049,5320,"2010","September"
"250",2010-10-01,2061,253,902,2001,5217,"2010","October"
"251",2010-11-01,2288,294,711,1739,5032,"2010","November"
"252",2010-12-01,1970,192,807,1320,4289,"2010","December"
"253",2011-01-01,1697,162,746,2197,4802,"2011","January"
"254",2011-02-01,1498,126,710,2215,4549,"2011","February"
"255",2011-03-01,1691,220,750,921,3582,"2011","March"
"256",2011-04-01,1551,165,678,1149,3543,"2011","April"
"257",2011-05-01,1951,204,770,1905,4830,"2011","May"
"258",2011-06-01,1927,265,884,4778,7854,"2011","June"
"259",2011-07-01,2139,302,725,1822,4988,"2011","July"
"260",2011-08-01,2063,197,688,2064,5012,"2011","August"
"261",2011-09-01,2095,99,672,2999,5865,"2011","September"
"262",2011-10-01,2005,220,880,1045,4150,"2011","October"
"263",2011-11-01,2235,252,1359,1525,5371,"2011","November"
"264",2011-12-01,2113,205,591,1081,3990,"2011","December"
"265",2012-01-01,2020,307,840,2615,5782,"2012","January"
"266",2012-02-01,1625,206,613,851,3295,"2012","February"
"267",2012-03-01,1776,204,590,2344,4914,"2012","March"
"268",2012-04-01,1891,213,718,889,3711,"2012","April"
"269",2012-05-01,2048,219,689,2005,4961,"2012","May"
"270",2012-06-01,2131,348,814,979,4272,"2012","June"
"271",2012-07-01,2371,239,851,1476,4937,"2012","July"
"272",2012-08-01,2027,165,651,1541,4384,"2012","August"
"273",2012-09-01,1964,250,1006,1504,4724,"2012","September"
"274",2012-10-01,2296,135,749,2373,5553,"2012","October"
"275",2012-11-01,2012,295,784,1377,4468,"2012","November"
"276",2012-12-01,2202,253,780,1764,4999,"2012","December"
"277",2013-01-01,1761,243,776,1479,4259,"2013","January"
"278",2013-02-01,1611,290,572,1832,4305,"2013","February"
"279",2013-03-01,1758,162,613,1245,3778,"2013","March"
"280",2013-04-01,1615,266,742,3780,6403,"2013","April"
"281",2013-05-01,1713,270,868,3572,6423,"2013","May"
"282",2013-06-01,1732,279,581,1298,3890,"2013","June"
"283",2013-07-01,1863,371,604,1357,4195,"2013","July"
"284",2013-08-01,2009,313,1095,589,4006,"2013","August"
"285",2013-09-01,1996,234,1066,1451,4747,"2013","September"
"286",2013-10-01,1801,187,898,1549,4435,"2013","October"
"287",2013-11-01,2127,358,812,1569,4866,"2013","November"
"288",2013-12-01,2030,359,1238,2323,5950,"2013","December"
"289",2014-01-01,1476,228,565,1101,3370,"2014","January"
"290",2014-02-01,1466,188,698,1518,3870,"2014","February"
"291",2014-03-01,1613,223,617,1579,4032,"2014","March"
"292",2014-04-01,1565,304,726,2230,4825,"2014","April"
"293",2014-05-01,1787,315,743,1804,4649,"2014","May"
"294",2014-06-01,1897,279,855,2307,5338,"2014","June"
"295",2014-07-01,1879,233,869,3227,6208,"2014","July"
"296",2014-08-01,1672,176,688,923,3459,"2014","August"
"297",2014-09-01,2007,235,874,927,4043,"2014","September"
"298",2014-10-01,2025,306,779,2165,5275,"2014","October"
"299",2014-11-01,2235,323,803,1199,4560,"2014","November"
"300",2014-12-01,1908,241,908,1830,4887,"2014","December"
"301",2015-01-01,1830,235,946,11080,14091,"2015","January"
"302",2015-02-01,1508,207,521,4525,6761,"2015","February"
"303",2015-03-01,1491,186,734,3699,6110,"2015","March"
"304",2015-04-01,1397,196,551,2035,4179,"2015","April"
"305",2015-05-01,1493,278,774,3428,5973,"2015","May"
"306",2015-06-01,1462,163,620,3843,6088,"2015","June"
"307",2015-07-01,1741,138,484,2459,4822,"2015","July"
"308",2015-08-01,1601,146,778,1487,4012,"2015","August"
"309",2015-09-01,1661,121,724,3348,5854,"2015","September"
"310",2015-10-01,1853,167,696,1039,3755,"2015","October"
"311",2015-11-01,1975,165,579,1454,4173,"2015","November"
"312",2015-12-01,2000,126,676,3429,6231,"2015","December"
"313",2016-01-01,2114,168,1195,3077,6554,"2016","January"
"314",2016-02-01,1612,172,484,1675,3943,"2016","February"
"315",2016-03-01,1773,181,1002,2280,5236,"2016","March"
"316",2016-04-01,1808,177,740,752,3477,"2016","April"
"317",2016-05-01,1979,140,672,2807,5598,"2016","May"
"318",2016-06-01,2105,161,1005,1117,4388,"2016","June"
"319",2016-07-01,1874,152,779,2604,5409,"2016","July"
"320",2016-08-01,1712,177,985,2222,5096,"2016","August"
"321",2016-09-01,2040,181,858,3522,6601,"2016","September"
"322",2016-10-01,2133,223,700,3258,6314,"2016","October"
"323",2016-11-01,2148,193,792,2323,5456,"2016","November"
"324",2016-12-01,2290,203,634,2103,5230,"2016","December"
"325",2017-01-01,2127,247,1057,3505,6936,"2017","January"
"326",2017-02-01,2055,215,788,2782,5840,"2017","February"
"327",2017-03-01,2095,189,930,1743,4957,"2017","March"
"328",2017-04-01,2217,162,919,2299,5597,"2017","April"
"329",2017-05-01,2092,180,994,1296,4562,"2017","May"
"330",2017-06-01,2675,154,1043,1875,5747,"2017","June"
"331",2017-07-01,2620,270,1356,743,4989,"2017","July"
"332",2017-08-01,2500,196,1389,2701,6786,"2017","August"
"333",2017-09-01,2665,316,882,2627,6490,"2017","September"
"334",2017-10-01,2329,301,843,2489,5962,"2017","October"
"335",2017-11-01,2346,209,851,1759,5165,"2017","November"
"336",2017-12-01,2280,151,1038,1941,5410,"2017","December"
"337",2018-01-01,1770,226,1034,2546,5576,"2018","January"
"338",2018-02-01,1746,193,1274,2841,6054,"2018","February"
"339",2018-03-01,1827,207,819,2524,5377,"2018","March"
"340",2018-04-01,2145,220,1623,2023,6011,"2018","April"
"341",2018-05-01,2211,235,1559,3201,7206,"2018","May"
"342",2018-06-01,2324,219,1507,1566,5616,"2018","June"
"343",2018-07-01,1942,252,1472,1906,5572,"2018","July"
"344",2018-08-01,2109,182,911,2083,5285,"2018","August"
"345",2018-09-01,2097,241,1146,3441,6925,"2018","September"
"346",2018-10-01,1847,318,1352,2360,5877,"2018","October"
"347",2018-11-01,2062,172,965,2860,6059,"2018","November"
"348",2018-12-01,2083,200,930,2539,5752,"2018","December"
"349",2019-01-01,1872,219,959,1681,4731,"2019","January"
"350",2019-02-01,1600,195,1057,1100,3952,"2019","February"
"351",2019-03-01,1393,143,630,2094,4260,"2019","March"
"352",2019-04-01,1682,99,1040,2796,5617,"2019","April"
"353",2019-05-01,2013,230,985,1659,4887,"2019","May"
"354",2019-06-01,1667,178,785,1130,3760,"2019","June"
"355",2019-07-01,1659,250,962,4212,7083,"2019","July"
"356",2019-08-01,1481,162,856,1737,4236,"2019","August"
"357",2019-09-01,1651,131,928,1273,3983,"2019","September"
"358",2019-10-01,1551,168,942,801,3462,"2019","October"
"359",2019-11-01,1653,188,784,2113,4738,"2019","November"
"360",2019-12-01,1692,158,1429,2478,5757,"2019","December"
"361",2020-01-01,1365,189,925,3187,5666,"2020","January"
"362",2020-02-01,1396,180,1343,2623,5542,"2020","February"
"363",2020-03-01,1177,104,1221,2131,4633,"2020","March"
"364",2020-04-01,1540,170,1201,2640,5551,"2020","April"
"365",2020-05-01,1365,110,789,2586,4850,"2020","May"
"366",2020-06-01,1657,152,998,2208,5015,"2020","June"
"367",2020-07-01,1712,167,1108,3164,6151,"2020","July"
"368",2020-08-01,1604,112,862,2689,5267,"2020","August"
"369",2020-09-01,1672,194,1139,3922,6927,"2020","September"
"370",2020-10-01,1780,152,1051,2872,5855,"2020","October"
"371",2020-11-01,1988,260,1326,2295,5869,"2020","November"
"372",2020-12-01,1809,306,1047,1903,5065,"2020","December"
"373",2021-01-01,1733,177,920,1018,3848,"2021","January"
"374",2021-02-01,1720,179,1073,3929,6901,"2021","February"
"375",2021-03-01,1607,161,835,5342,7945,"2021","March"
"376",2021-04-01,1827,166,1299,2374,5666,"2021","April"
"377",2021-05-01,2017,268,1374,4533,8192,"2021","May"
"378",2021-06-01,1894,187,848,3659,6588,"2021","June"
"379",2021-07-01,1939,200,1139,2550,5828,"2021","July"
"380",2021-08-01,1969,147,724,2613,5453,"2021","August"
"381",2021-09-01,1973,187,748,2580,5488,"2021","September"
"382",2021-10-01,1853,306,1055,2383,5597,"2021","October"
"383",2021-11-01,1965,231,1467,2961,6624,"2021","November"
"384",2021-12-01,1998,170,1186,4631,7985,"2021","December"
"385",2022-01-01,1480,141,627,2871,5119,"2022","January"
"386",2022-02-01,1836,315,932,3185,6268,"2022","February"
"387",2022-03-01,1725,185,890,2716,5516,"2022","March"
"388",2022-04-01,1750,224,948,1532,4454,"2022","April"
"389",2022-05-01,1773,206,1111,1927,5017,"2022","May"
"390",2022-06-01,1870,165,979,2315,5329,"2022","June"
"391",2022-07-01,1604,211,811,3838,6464,"2022","July"
"392",2022-08-01,1707,174,1021,3458,6360,"2022","August"
"393",2022-09-01,1688,196,688,2275,4847,"2022","September"
"394",2022-10-01,1640,177,1093,3865,6775,"2022","October"
"395",2022-11-01,1810,160,1019,839,3828,"2022","November"
"396",2022-12-01,1783,231,1031,3930,6975,"2022","December"
"397",2023-01-01,1452,156,739,3184,5531,"2023","January"
"398",2023-02-01,1484,184,1219,4804,7691,"2023","February"
"399",2023-03-01,1405,108,1054,3714,6281,"2023","March"
"400",2023-04-01,1329,118,1086,2488,5021,"2023","April"
"401",2023-05-01,1421,204,1350,2889,5864,"2023","May"
"402",2023-06-01,1575,146,1133,2377,5231,"2023","June"
"403",2023-07-01,1392,130,1299,5314,8135,"2023","July"
"404",2023-08-01,1487,128,1128,8266,11009,"2023","August"
"405",2023-09-01,1289,88,1300,3568,6245,"2023","September"
"406",2023-10-01,1578,136,1155,2921,5790,"2023","October"
"407",2023-11-01,1334,136,1207,3095,5772,"2023","November"
"408",2023-12-01,1477,130,923,2773,5303,"2023","December"
"409",2024-01-01,1259,132,1168,3753,6312,"2024","January"
"410",2024-02-01,1209,90,990,4574,6863,"2024","February"
"411",2024-03-01,1098,120,1316,4996,7530,"2024","March"
"412",2024-04-01,1123,66,1011,6406,8606,"2024","April"
"413",2024-05-01,1109,115,1415,4794,7433,"2024","May"
"414",2024-06-01,1146,72,1782,3945,6945,"2024","June"
"415",2024-07-01,1069,108,971,4967,7115,"2024","July"
"416",2024-08-01,1128,80,1241,4152,6601,"2024","August"
"417",2024-09-01,848,94,1199,2444,4585,"2024","September"
"418",2024-10-01,999,140,1241,2359,4739,"2024","October"
"419",2024-11-01,1069,210,1210,1462,3951,"2024","November"
"420",2024-12-01,861,100,1028,4196,6185,"2024","December"
"421",2025-01-01,814,72,526,2383,3795,"2025","January"
"422",2025-02-01,750,64,529,2306,3649,"2025","February"
"423",2025-03-01,943,142,1066,5139,7290,"2025","March"
"424",2025-04-01,870,90,928,2549,4437,"2025","April"
"425",2025-05-01,758,58,932,4434,6182,"2025","May"
"426",2025-06-01,787,78,890,3312,5067,"2025","June"
"427",2025-07-01,977,74,1009,1927,3987,"2025","July"
"428",2025-08-01,1073,84,832,5330,7319,"2025","August"
"429",2025-09-01,1045,104,1017,5948,8114,"2025","September"
"430",2025-10-01,1012,196,739,5099,7046,"2025","October"
"431",2025-11-01,1006,134,1096,1915,4151,"2025","November"
"432",2025-12-01,1061,148,925,5053,7187,"2025","December"
"433",2026-01-01,750,79,695,1766,3290,"2026","January"
"434",2026-02-01,721,43,445,3268,4477,"2026","February"
"435",2026-03-01,998,94,1038,2564,4694,"2026","March"
"436",2026-04-01,751,82,509,3031,4373,"2026","April"
"437",2026-05-01,972,84,577,2846,4479,"2026","May"
"438",2026-06-01,905,92,928,2732,4657,"2026","June"
"439",2026-07-01,678,64,673,2622,4037,"2026","July"
