"","X.x","Municipality","X0_14","X15_24","X25_34","X35_44","X45_54","X55_64","Total.65","Total_POP","X.y","Ave_Incom_Onw_Rent","Houhold_Mon_Inco","X.x.x","One.Person.Household","Two.Person.Household","Three.Person.Household","Four.Person.Household","Five.Or.More.Person.Household","X.y.y","Couple.With.Children","Couple.Without.Children","Total.Lone..Parent.Households","Multiple..Family","Total.One..Person.Households","Other.Non.Family","X.x.x.x","Non.Immigrant","Non.Permanent.Resident","Immigrant","Landed.Before.2006","Landed.2006.to.2015","Recent.Immigrants..Landed.2016.2021.","X.y.y.y","Estimated_Monthly_Shelter_Cost","X.x.x.x.x","With.a.Mortgage","Without.a.Mortgage","Total.Private.Households.With.Mortgage.Status.Known","X.y.y.y.y","Single.Detached","Semi.Detached","Row","Duplex","Low.Rise.Apt.","High.Rise.Apt.","Other","Total_structure","Affordability_Ratio"
"1",1,"Barrie",36145,26365,28780,28335,28310,29845,32370,210155,1,58000,4833.33333333333,1,8667.5,12697.5,6937.5,6757.5,4210,1,12717.5,10040,4877.5,1222.5,8667.5,1747.5,1,30715,427.5,8127.5,6205,1315,600,1,1607.59616871111,1,39125,18285,57410,1,26702.5,1257.5,3562.5,2022.5,3450,2215,60,39270,0.332606103871264
"2",2,"Belleville - Quinte West",17250,11225,13490,12940,12620,17835,23885,109250,2,46400,3866.66666666667,2,6405,8907.5,3390,2685,1717.5,2,5572.5,7152.5,2522.5,462.5,6405,987.5,2,20647.5,142.5,2315,1935,240,142.5,2,1170.81153722025,2,18300,13410,31715,2,15895,780,1160,515,3175,1320,262.5,23107.5,0.302796087212134
"3",3,"Bracebridge T",2305,1575,1750,1835,1955,2915,4430,16765,3,45600,3800,3,1007.5,1450,485,447.5,225,3,892.5,1222.5,322.5,60,1007.5,105,3,3260,17.5,342.5,322.5,5,10,3,1283.08903661726,3,3175,2560,5735,3,2735,92.5,220,120,352.5,55,42.5,3620,0.337655009636121
"4",4,"Brantford",24650,16455,18265,18440,17715,20195,26185,141905,4,48000,4000,4,7190,9605,4490,4027.5,2687.5,4,8205,7535,3415,712.5,7190,950,4,22922.5,195,4882.5,3905,680,295,4,1314.24975415108,4,24900,14720,39615,4,18417.5,1462.5,2392.5,865,2512.5,2275,75,28000,0.32856243853777
"5",5,"Brighton MU",1360,1010,900,1005,1195,2145,3875,11495,5,43200,3600,5,612.5,1190,300,255,147.5,5,530,1072.5,182.5,50,612.5,57.5,5,2085,0,420,392.5,20,5,5,1159.72691812904,5,1995,2245,4240,5,2205,47.5,55,42.5,105,17.5,30,2507.5,0.322146366146956
"6",6,"Brock TP",2125,1105,1600,1565,1330,2020,2565,12305,6,53200,4433.33333333333,6,555,885,367.5,350,235,6,715,757.5,225,80,555,62.5,6,2130,0,257.5,232.5,20,0,6,1341.40884103403,6,2330,1465,3795,6,2075,40,60,12.5,205,0,0,2392.5,0.302573422789631
"7",7,"Brockville",3945,3150,3190,3060,3690,5420,8435,30880,7,41600,3466.66666666667,7,2440,2855,912.5,662.5,350,7,1325,2260,785,115,2440,290,7,6432.5,15,770,652.5,77.5,42.5,7,1049.60964895192,7,4900,4485,9390,7,4330,492.5,437.5,62.5,1500,340,57.5,7220,0.302772014120746
"8",8,"Centre Wellington",5335,3245,3480,3680,3775,4575,6555,30645,8,50400,4200,8,1357.5,2275,877.5,900,580,8,1897.5,1985,487.5,125,1357.5,130,8,5110,10,862.5,765,65,30,8,1425.84492601614,8,5445,3945,9390,8,4345,302.5,352.5,90,787.5,52.5,57.5,5987.5,0.3394868871467
"9",9,"Chatham-Kent",16610,11275,10995,11525,12060,16560,23075,102090,9,42400,3533.33333333333,9,6695,8410,2945,2422.5,1597.5,9,5290,6810,2345,272.5,6695,652.5,9,19587.5,72.5,2407.5,2020,240,140,9,961.711590568947,9,16460,14205,30665,9,16777.5,717.5,775,355,2540,767.5,135,22065,0.272182525632721
"10",10,"Cobourg",2540,1775,1955,2035,2010,3155,6310,19780,10,48000,4000,10,1475,1850,570,435,235,10,880,1517.5,510,62.5,1475,120,10,3822.5,5,742.5,690,20,27.5,10,1288.26860875322,10,2965,3300,6270,10,2627.5,202.5,562.5,82.5,892.5,180,17.5,4565,0.322067152188305
"11",11,"Collingwood",3295,2235,2540,2630,2740,3825,7005,24275,11,47600,3966.66666666667,11,1902.5,2092.5,710,597.5,285,11,1152.5,1752.5,530,67.5,1902.5,185,11,4687.5,15,882.5,785,67.5,35,11,1445.55298724264,11,4160,3970,8125,11,3152.5,395,680,117.5,1005,237.5,12.5,5587.5,0.364425122834279
"12",12,"Cornwall",9635,6030,7220,6575,6755,9660,13880,59750,12,41200,3433.33333333333,12,4397.5,5032.5,1767.5,1357.5,845,12,2802.5,3922.5,1595,175,4397.5,510,12,12205,102.5,1090,832.5,162.5,100,12,1002.39260017328,12,8940,7190,16130,12,7700,1147.5,625,895,2332.5,575,122.5,13400,0.291959009759208
"13",13,"Elliot Lake",1175,725,875,930,1010,2105,4410,11225,13,38000,3166.66666666667,13,1162.5,1232.5,252.5,167.5,100,13,350,992.5,280,15,1162.5,120,13,2530,0,390,375,12.5,0,13,776.502929960575,13,1640,1905,3545,13,1315,550,292.5,35,440,287.5,0,2920,0.245211451566497
"14",14,"Erin T",1815,1425,1165,1315,1890,2260,2080,11950,14,54000,4500,14,320,772.5,370,400,250,14,782.5,677.5,182.5,97.5,320,50,14,1640,0,467.5,440,22.5,5,14,1497.50896934116,14,2310,1340,3650,14,1930,12.5,0,37.5,60,0,67.5,2110,0.332779770964702
"15",15,"Gravenhurst T",1500,1000,1195,1255,1340,2295,3540,12130,15,44400,3700,15,812.5,1187.5,352.5,250,147.5,15,502.5,967.5,280,65,812.5,122.5,15,2470,0,272.5,257.5,15,0,15,1153.5134180791,15,2180,2140,4320,15,2157.5,37.5,80,37.5,295,37.5,107.5,2750,0.311760383264622
"16",16,"Greater Napanee T",2280,1500,1695,1685,1950,2705,4145,15960,16,42800,3566.66666666667,16,930,1412.5,475,382.5,237.5,16,845,1167.5,332.5,42.5,930,112.5,16,3187.5,0,247.5,225,10,12.5,16,1185.508721398,16,2755,2070,4830,16,2530,152.5,132.5,20,587.5,0,7.5,3435,0.332385622821869
"17",17,"Greater Sudbury / Grand Sudbury",26305,19540,21385,20735,21375,25705,32575,167620,17,46400,3866.66666666667,17,11250,13382.5,5405,4537.5,2082.5,17,8865,10415,4075,495,11250,1562.5,17,33385,570,2705,2045,387.5,270,17,1185.97419222098,17,28025,19560,47580,17,22485,1710,1507.5,2140,6052.5,2392.5,365,36660,0.306717463505426
"18",18,"Guelph",26900,21465,23915,22020,21370,21535,26280,163485,18,56000,4666.66666666667,18,8217.5,10670,5127.5,5127.5,2950,18,9820,8392.5,3100,772.5,8217.5,1787.5,18,23270,397.5,8422.5,6085,1432.5,900,18,1501.45883750671,18,27210,16730,43945,18,17162.5,1352.5,4500,1790,3977.5,3257.5,52.5,32085,0.321741179465724
"19",19,"Haldimand County CY",8625,5235,5765,5685,5785,7850,9620,48565,19,44800,3733.33333333333,19,2117.5,3465,1442.5,1342.5,992.5,19,2942.5,2980,840,247.5,2117.5,235,19,8242.5,20,1095,950,115,32.5,19,1252.97502726511,19,9445,5925,15370,19,7897.5,292.5,340,157.5,607.5,27.5,40,9357.5,0.335618310874583
"20",20,"Hamilton",125670,91695,104275,101965,100550,108170,141120,773440,20,50800,4233.33333333333,20,41645,50140,24437.5,23625,13842.5,20,46635,38445,17545,3630,41645,5792.5,20,103977.5,2432.5,47280,36642.5,6812.5,3827.5,20,1437.76388779403,20,126655,83620,210270,20,84605,5082.5,21985,4040,12787.5,24825,370,153690,0.339629264833235
"21",21,"Hawkesbury",1485,1025,1125,1130,1430,2020,3425,11640,21,36400,3033.33333333333,21,1252.5,1087.5,352.5,190,105,21,412.5,822.5,372.5,17.5,1252.5,107.5,21,2832.5,7.5,152.5,102.5,30,15,21,901.365757558822,21,1645,1445,3085,21,1122.5,362.5,157.5,457.5,862.5,0,27.5,2992.5,0.297153546447963
"22",22,"Huntsville T",2860,1960,2305,2330,2520,3800,4955,20730,22,43600,3633.33333333333,22,1167.5,1792.5,630,530,287.5,22,1062.5,1520,385,100,1167.5,170,22,3962.5,15,427.5,370,47.5,10,22,1211.129979277,22,3915,3160,7070,22,3522.5,55,72.5,152.5,502.5,40,57.5,4410,0.333338526406514
"23",23,"Ingersoll",2500,1530,1730,1780,1760,2025,2220,13545,23,48000,4000,23,687.5,992.5,442.5,385,227.5,23,815,805,307.5,45,687.5,80,23,2445,5,282.5,242.5,25,15,23,1257.69017990241,23,2750,1420,4170,23,1947.5,207.5,185,45,312.5,32.5,5,2732.5,0.314422544975602
"24",24,"Kawartha Lakes",10530,6950,8040,7905,8585,13965,21260,77230,24,42400,3533.33333333333,24,4195,6857.5,2290,1877.5,1137.5,24,3882.5,5940,1427.5,407.5,4195,507.5,24,14675,27.5,1647.5,1540,95,12.5,24,1197.54869174358,24,14230,12070,26305,24,13700,267.5,327.5,437.5,1112.5,362.5,150,16352.5,0.338928875021768
"25",25,"Kenora",2290,1455,1980,1675,1855,2340,3015,14610,25,48000,4000,25,1065,1167.5,452.5,380,185,25,737.5,952.5,337.5,50,1065,112.5,25,3055,15,182.5,145,25,10,25,1188.09426353769,25,2875,1910,4780,25,2507.5,87.5,45,120,357.5,85,50,3255,0.297023565884423
"26",26,"Kincardine MU",2145,1080,1365,1590,1210,1930,2740,12060,26,47600,3966.66666666667,26,757.5,997.5,315,327.5,185,26,677.5,865,192.5,35,757.5,50,26,2235,15,327.5,277.5,35,12.5,26,1283.61938219636,26,1975,1965,3940,26,2067.5,70,180,25,207.5,0,22.5,2580,0.323601524923452
"27",27,"Kingston",24810,20770,23105,20375,19660,24405,34945,168075,27,48800,4066.66666666667,27,11092.5,13835,5232.5,4405,2192.5,27,8612.5,10800,3590,502.5,11092.5,2157.5,27,30892.5,690,5170,4062.5,687.5,417.5,27,1347.60308052285,27,26585,19245,45825,27,20827.5,2362.5,2315,1122.5,4977.5,4932.5,215,36752.5,0.331377806685947
"28",28,"Kitchener - Cambridge - Waterloo",98465,75790,87920,77850,72400,71015,84620,568065,28,54400,4533.33333333333,28,27165,36085,17847.5,17580,10857.5,28,34510,28040,11315,2570,27165,5930,28,72702.5,3727.5,33095,22927.5,5897.5,4275,28,1449.64065214197,28,88870,52210,141085,28,58025,6545,12822.5,3017.5,14517.5,14322.5,272.5,109527.5,0.319773673266611
"29",29,"Lambton Shores MU",1450,960,945,965,1195,2315,3710,11545,29,40800,3400,29,757.5,1237.5,277.5,230,150,29,500,1122.5,182.5,30,757.5,62.5,29,2350,0,300,282.5,10,0,29,992.238145258103,29,1865,2305,4165,29,2225,22.5,90,20,225,0,62.5,2652.5,0.291834748605324
"30",30,"London",89595,67705,76950,69220,65015,72465,94820,535780,30,47200,3933.33333333333,30,32635,38205,16445,14755,9082.5,30,29942.5,28955,12120,1655,32635,5810,30,80862.5,3280,26977.5,19167.5,4725,3080,30,1282.73215210184,30,83215,54635,137850,30,61120,4162.5,12500,2497.5,11235,19175,430,111120,0.326118343754705
"31",31,"Meaford MU",1515,870,1025,1135,1195,2030,3540,11315,31,42000,3500,31,702.5,1107.5,310,270,127.5,31,550,1007.5,165,40,702.5,52.5,31,2200,0,317.5,290,20,5,31,1123.77792825571,31,1855,2010,3865,31,2047.5,17.5,165,32.5,252.5,0,0,2517.5,0.32107940807306
"32",32,"Midland",3480,2390,3045,2715,3000,4610,7120,26365,32,40800,3400,32,1815,2307.5,860,632.5,297.5,32,1210,1805,697.5,132.5,1815,250,32,5317.5,10,585,515,55,15,32,1158.24699922032,32,4435,3730,8165,32,3902.5,222.5,277.5,382.5,812.5,265,50,5912.5,0.340660882123624
"33",33,"Norfolk",10245,6560,6985,6995,7505,11190,16750,66225,33,45600,3800,33,3687.5,5580,1825,1637.5,1065,33,3510,4755,1200,277.5,3687.5,370,33,11895,45,1857.5,1660,155,45,33,1103.02607275149,33,11420,10440,21860,33,11405,400,485,270,942.5,195,102.5,13797.5,0.290270019145129
"34",34,"North Bay",10380,7705,8520,8325,8475,11680,15090,70175,34,42400,3533.33333333333,34,4787.5,6002.5,2180,1770,855,34,3445,4737.5,1680,212.5,4787.5,730,34,14650,92.5,850,707.5,102.5,45,34,1142.3151794087,34,12435,8380,20810,34,9272.5,1185,1002.5,807.5,2160,1040,125,15592.5,0.323296748889255
"35",35,"North Perth MU",3285,1735,2185,1885,1555,1975,2790,15410,35,47600,3966.66666666667,35,747.5,1102.5,397.5,397.5,335,35,950,957.5,212.5,30,747.5,80,35,2552.5,27.5,395,277.5,85,37.5,35,1205.81925643102,35,2225,1640,3870,35,2092.5,132.5,155,55,477.5,0,67.5,2977.5,0.303988047839753
"36",36,"Orillia",4645,3300,4415,3620,3570,4930,7795,32270,37,45600,3800,36,2392.5,2605,1032.5,725,452.5,36,1425,1945,927.5,167.5,2392.5,357.5,36,6352.5,25,835,715,85,35,36,1303.89866508695,36,4930,3895,8825,36,4015,157.5,627.5,470,1380,460,97.5,7210,0.343131227654461
"37",37,"Oshawa",76775,49590,54010,58010,55015,55490,62515,411405,38,54000,4500,37,15665,22712.5,13537.5,13850,8757.5,37,26602.5,17255,9657.5,2662.5,15665,2677.5,37,52945,525,21055,16042.5,3307.5,1700,37,1577.62279255599,37,75410,36015,111425,37,48610,3962.5,7877.5,2630,5600,5705,132.5,74525,0.35058284279022
"38",38,"Ottawa",186910,141735,155870,149060,147520,152835,182865,1116800,39,57200,4766.66666666667,38,63227.5,76905,34467.5,33110,19080,38,66075,59785,22427.5,3552.5,63227.5,11715,38,159640,5275,61875,42962.5,11395,7515,38,1491.08963675269,38,179600,117455,297050,38,102255,12092.5,45127.5,4115,23752.5,38582.5,865,226787.5,0.312816007710355
"39",39,"Owen Sound",4660,3170,3610,3595,3505,5280,8060,31870,40,38800,3233.33333333333,39,2330,2770,917.5,760,417.5,39,1552.5,2285,722.5,87.5,2330,220,39,6572.5,12.5,610,520,45,40,39,1084.89119811429,39,5120,4630,9750,39,4617.5,245,360,125,1382.5,365,100,7192.5,0.335533360241533
"40",40,"Pembroke",3565,2385,2910,2725,2630,3740,5125,23085,41,40800,3400,40,1612.5,1922.5,745,532.5,315,40,1135,1537.5,600,62.5,1612.5,182.5,40,4852.5,5,270,232.5,22.5,15,40,1068.61571845515,40,3860,3110,6970,40,3620,280,175,110,922.5,0,22.5,5130,0.314298740722103
"41",41,"Petawawa",3925,1880,3765,2680,1730,1610,1715,17295,42,74500,6208.33333333333,41,777.5,1180,577.5,570,272.5,41,1170,937.5,272.5,35,777.5,187.5,41,3130,15,235,162.5,57.5,12.5,41,1203.36643407971,41,2970,1360,4335,41,2380,250,400,20,317.5,0,10,3380,0.193830835019551
"42",42,"Peterborough",18900,14205,15945,14595,13885,19005,29455,125995,43,45200,3766.66666666667,42,7597.5,9965,3872.5,3265,1957.5,42,6382.5,8035,2790,492.5,7597.5,1362.5,42,23605,230,2817.5,2370,285,162.5,42,1261.0716030573,42,19865,16700,36565,42,18427.5,422.5,1622.5,1355,3387.5,1297.5,137.5,26652.5,0.334797770723177
"43",43,"Port Hope",2210,1535,1875,1860,1965,2925,4510,16890,44,42800,3566.66666666667,43,985,1495,550,420,210,43,867.5,1245,387.5,70,985,105,43,3155,5,497.5,472.5,15,5,43,1312.29556401927,43,3180,2475,5650,43,2642.5,137.5,212.5,40,395,222.5,0,3657.5,0.367933335706337
"44",44,"Prince Edward County CY",2965,1770,2155,2495,2720,4815,8275,25190,45,48400,4033.33333333333,44,1535,2625,682.5,537.5,285,44,1152.5,2375,365,85,1535,155,44,4975,10,682.5,635,25,22.5,44,1174.88433029602,44,4100,4870,8975,44,4867.5,120,175,15,395,5,85,5665,0.291293635610583
"45",45,"Sarnia",14835,9970,11850,11100,10930,14970,22625,96285,46,45600,3800,45,6577.5,8062.5,2855,2447.5,1285,45,4985,6592.5,2145,187.5,6577.5,742.5,45,18302.5,185,2740,2395,227.5,122.5,45,1102.28192849789,45,15885,14335,30220,45,15427.5,690,1062.5,387.5,1597.5,1997.5,65,21227.5,0.290074191709971
"46",46,"Saugeen Shores T",2530,1215,2000,1945,1515,2490,3950,15640,47,48800,4066.66666666667,46,1002.5,1412.5,430,417.5,195,46,862.5,1245,242.5,25,1002.5,75,46,2972.5,12.5,465,370,52.5,37.5,46,1328.17512272219,46,2940,2565,5510,46,2582.5,170,235,22.5,405,0,37.5,3452.5,0.326600440013653
"47",47,"Sault Ste. Marie",11030,8000,8870,8615,8790,12225,17895,75420,48,39600,3300,47,5707.5,6290,2445,1882.5,797.5,47,3725,4862.5,2040,167.5,5707.5,622.5,47,15262.5,140,1722.5,1545,115,65,47,997.640663544183,47,12800,10965,23765,47,11420,940,467.5,695,2480,1027.5,97.5,17130,0.302315352589146
"48",48,"Scugog TP",3020,2315,2130,2340,2570,3900,5010,21280,49,52800,4400,48,802.5,1632.5,677.5,655,355,48,1285,1422.5,357.5,132.5,802.5,117.5,48,3555,0,567.5,520,30,22.5,48,1416.63303853614,48,3890,3065,6955,48,3685,82.5,40,57.5,222.5,22.5,10,4122.5,0.321962054212759
"49",49,"South Dundas MU",1660,950,1110,1035,1330,1945,2920,10940,50,43200,3600,49,605,1002.5,297.5,250,175,49,535,867.5,215,47.5,605,62.5,49,2145,0,177.5,155,15,7.5,49,998.569749216301,49,1910,1715,3625,49,1865,165,107.5,15,122.5,15,37.5,2327.5,0.277380485893417
"50",50,"South Huron MU",1515,890,1060,1030,985,1570,2800,9855,51,45200,3766.66666666667,50,662.5,880,245,227.5,150,50,495,775,172.5,20,662.5,42.5,50,1937.5,10,222.5,210,5,5,50,1047.28260869565,50,1445,1570,3020,50,1695,52.5,172.5,7.5,210,0,30,2167.5,0.278039630627164
"51",51,"St. Catharines - Niagara",62715,47295,52160,48255,52305,65970,96775,425480,52,45200,3766.66666666667,51,25735,32747.5,13382.5,11075,6675,51,22475,25837.5,10170,1750,25735,3645,51,68577.5,1207.5,19825,16237.5,2307.5,1280,51,1243.42383472323,51,71880,55400,127280,51,59097.5,5000,6245,3135,10490,5225,422.5,89610,0.330112522492893
"52",52,"Stratford",4760,3340,3930,3985,3970,5115,7380,32485,53,45200,3766.66666666667,52,2462.5,2732.5,982.5,802.5,397.5,52,1622.5,2192.5,787.5,72.5,2462.5,240,52,6372.5,45,955,817.5,87.5,47.5,52,1207.65836923895,52,5370,4330,9695,52,3900,790,447.5,332.5,1475,407.5,12.5,7370,0.320617266169633
"53",53,"The Nation / La Nation M",2420,1335,1845,1715,1775,2120,1950,13155,54,52800,4400,53,520,985,417.5,417.5,217.5,53,857.5,880,192.5,37.5,520,67.5,53,2410,7.5,135,110,12.5,5,53,1315.78965965626,53,2695,1325,4020,53,2117.5,120,45,55,205,0,12.5,2552.5,0.299043104467332
"54",54,"Thunder Bay",17635,14025,16295,13820,14720,18855,25625,120960,55,43600,3633.33333333333,54,8987.5,9720,3765,3075,1522.5,54,5995,7547.5,2992.5,310,8987.5,1240,54,23840,437.5,2800,2357.5,272.5,170,54,1080.00090365405,54,20040,18000,38040,54,18550,1082.5,717.5,1200,3962.5,1292.5,272.5,27072.5,0.297247955134142
"55",55,"Tillsonburg",2625,1850,1990,1975,1990,2660,5200,18295,56,42800,3566.66666666667,55,1292.5,1650,507.5,440,230,55,885,1390,375,60,1292.5,117.5,55,3480,0,632.5,560,60,10,55,1148.11517549526,55,2985,2825,5805,55,2787.5,152.5,252.5,95,567.5,247.5,12.5,4115,0.321901451073437
"56",56,"Timmins",6650,4785,5535,5045,5205,6285,6805,40310,57,42400,3533.33333333333,56,2850,3207.5,1315,1100,470,56,2062.5,2527.5,1047.5,97.5,2850,355,56,8475,112.5,362.5,262.5,55,42.5,56,1116.907352567,56,7385,4570,11950,56,5822.5,630,302.5,525,1225,255,175,8945,0.316105854500094
"57",57,"Toronto",963745,772540,929585,854935,841775,814545,965755,6142880,58,59200,4933.33333333333,57,282725,322057.5,195440,193375,137625,57,382040,235672.5,127630,48392.5,282725,54767.5,57,440020,39745,651460,472857.5,116172.5,62432.5,57,1668.13225102422,57,908175,563705,1471880,57,441495,83180,105452.5,44047.5,107675,347365,2012.5,1131227.5,0.338134915748153
"58",58,"Trent Hills MU",1720,1150,1245,1265,1510,2615,4110,13610,59,42800,3566.66666666667,58,765,1300,382.5,312.5,187.5,58,632.5,1105,262.5,80,765,105,58,2610,0,342.5,312.5,22.5,5,58,1075.24815733916,58,2335,2320,4655,58,2605,32.5,67.5,47.5,185,5,17.5,2952.5,0.301471445982942
"59",59,"Wasaga Beach",2900,1880,2120,2400,2550,4250,8495,24585,60,54000,4500,59,1427.5,2412.5,715,540,310,59,1107.5,2127.5,482.5,120,1427.5,137.5,59,4217.5,12.5,1175,1117.5,42.5,15,59,1308.42030011034,59,4720,4515,9235,59,4467.5,130,447.5,72.5,260,0,27.5,5407.5,0.290760066691187
"60",60,"West Grey MU",2070,1315,1220,1315,1550,2315,3205,12995,61,38800,3233.33333333333,60,627.5,1107.5,377.5,297.5,235,60,725,972.5,177.5,57.5,627.5,75,60,2350,0,292.5,265,25,5,60,1015.38870944061,60,2090,2085,4170,60,2320,35,55,22.5,145,0,65,2642.5,0.314037745187818
"61",61,"West Nipissing / Nipissing Ouest M",2085,1315,1270,1470,1830,2645,3645,14255,62,37200,3100,61,955,1320,420,340,165,61,680,1105,335,27.5,955,102.5,61,3125,0,80,65,5,7.5,61,1047.40754740755,61,2420,1865,4290,61,2375,110,45,175,452.5,0,47.5,3205,0.337873402389532
"62",62,"Windsor",68735,52960,52365,48850,54920,60425,77255,415505,63,45200,3766.66666666667,62,23242.5,27560,12322.5,11557.5,8160,62,23870,21330,9735,1632.5,23242.5,3032.5,62,59192.5,1380,22262.5,16605,3545,2112.5,62,1157.23879708427,62,68150,50975,119125,62,57682.5,3790,4667.5,2275,6930,7055,432.5,82837.5,0.307231539048921
"63",63,"Woodstock",8225,4935,6405,6340,5315,6160,8565,45950,64,50000,4166.66666666667,63,2647.5,3292.5,1447.5,1285,767.5,63,2625,2622.5,1055,192.5,2647.5,297.5,63,7715,42.5,1690,1240,302.5,147.5,63,1326.84015472089,63,8045,4245,12290,63,5427.5,715,1097.5,210,1140,840,17.5,9442.5,0.318441637133014
