"X","X.x","Municipality","X0_14","X15_24","X25_34","X35_44","X45_54","X55_64","Total.65","Total_POP","X.y","Ave_Incom_Onw_Rent","Houhold_Mon_Inco","X.x.x","One.Person.Household","Two.Person.Household","Three.Person.Household","Four.Person.Household","Five.Or.More.Person.Household","X.y.y","Couple.With.Children","Couple.Without.Children","Total.Lone..Parent.Households","Multiple..Family","Total.One..Person.Households","Other.Non.Family","X.x.x.x","Non.Immigrant","Non.Permanent.Resident","Immigrant","Landed.Before.2006","Landed.2006.to.2015","Recent.Immigrants..Landed.2016.2021.","X.y.y.y","Estimated_Monthly_Shelter_Cost","X.x.x.x.x","With.a.Mortgage","Without.a.Mortgage","Total.Private.Households.With.Mortgage.Status.Known","X.y.y.y.y","Single.Detached","Semi.Detached","Row","Duplex","Low.Rise.Apt.","High.Rise.Apt.","Other","Total_structure","Affordability_Ratio","Pct_0_14","Pct_15_24","Pct_25_34","Pct_35_44","Pct_45_54","Pct_55_64","Pct_65_Plus","Total_Households","Share_One_Person","Share_Two_Person","Share_Three_Person","Share_Four_Person","Share_FivePlus_Person","Total_Household_Type","Share_Couple_With_Children","Share_Couple_Without_Children","Share_Lone_Parent","Share_Multiple_Family","Share_One_Person_Household","Share_Other_Non_Family","Share_Immigrant","Share_Pre2006","Share_2006_2015","Share_Recent_Immigrant","Apartment_Share","Detached_Share","Missing_Middle_Share"
1,1,"Barrie",36145,26365,28780,28335,28310,29845,32370,210155,1,58000,4833.33333333333,1,8667.5,12697.5,6937.5,6757.5,4210,1,12717.5,10040,4877.5,1222.5,8667.5,1747.5,1,30715,427.5,8127.5,6205,1315,600,1,1607.59616871111,1,39125,18285,57410,1,26702.5,1257.5,3562.5,2022.5,3450,2215,60,39270,0.332606103871264,17.1992101068259,12.5455021293807,13.6946539458971,13.4829054745307,13.4710094929933,14.2014227593919,15.402916894673,39270,0.220715558950853,0.323338426279603,0.176661573720397,0.172077922077922,0.107206518971225,39272.5,0.323827105480935,0.255649627602012,0.124196320580559,0.0311286523648864,0.220701508689286,0.0444967852823222,0.0386738359782066,0.763457397723777,0.161796370347585,0.073823438941864,0.144257703081232,0.679971988795518,0.174242424242424
2,2,"Belleville - Quinte West",17250,11225,13490,12940,12620,17835,23885,109250,2,46400,3866.66666666667,2,6405,8907.5,3390,2685,1717.5,2,5572.5,7152.5,2522.5,462.5,6405,987.5,2,20647.5,142.5,2315,1935,240,142.5,2,1170.81153722025,2,18300,13410,31715,2,15895,780,1160,515,3175,1320,262.5,23107.5,0.302796087212134,15.7894736842105,10.2745995423341,12.3478260869565,11.8443935926773,11.5514874141876,16.324942791762,21.862700228833,23105,0.277212724518502,0.385522614152781,0.146721488855226,0.116208612854361,0.0743345596191301,23102.5,0.241207661508495,0.309598528297803,0.109187317389893,0.0200194784114273,0.277242722649064,0.0427442917433178,0.0211899313501144,0.83585313174946,0.103671706263499,0.0615550755939525,0.19452558693065,0.687871903061776,0.106242561938764
3,3,"Bracebridge T",2305,1575,1750,1835,1955,2915,4430,16765,3,45600,3800,3,1007.5,1450,485,447.5,225,3,892.5,1222.5,322.5,60,1007.5,105,3,3260,17.5,342.5,322.5,5,10,3,1283.08903661726,3,3175,2560,5735,3,2735,92.5,220,120,352.5,55,42.5,3620,0.337655009636121,13.7488815985684,9.39457202505219,10.4384133611691,10.9454220101402,11.6611989263346,17.3874142558902,26.4240978228452,3615,0.278699861687414,0.401106500691563,0.134163208852006,0.123789764868603,0.0622406639004149,3610,0.247229916897507,0.338642659279778,0.0893351800554017,0.0166204986149584,0.279085872576177,0.0290858725761773,0.0204294661497167,0.941605839416058,0.0145985401459854,0.0291970802919708,0.112569060773481,0.755524861878453,0.119475138121547
4,4,"Brantford",24650,16455,18265,18440,17715,20195,26185,141905,4,48000,4000,4,7190,9605,4490,4027.5,2687.5,4,8205,7535,3415,712.5,7190,950,4,22922.5,195,4882.5,3905,680,295,4,1314.24975415108,4,24900,14720,39615,4,18417.5,1462.5,2392.5,865,2512.5,2275,75,28000,0.32856243853777,17.3707762235298,11.5957859131109,12.8712871287129,12.9946090694479,12.4837038864029,14.2313519608189,18.4524858179768,28000,0.256785714285714,0.343035714285714,0.160357142857143,0.143839285714286,0.0959821428571429,28007.5,0.292957243595465,0.269035079889315,0.121931625457467,0.0254396143890029,0.256716950816746,0.0339194858520039,0.0344068214650647,0.799795186891961,0.139272913466462,0.0604198668714798,0.170982142857143,0.657767857142857,0.168571428571429
5,5,"Brighton MU",1360,1010,900,1005,1195,2145,3875,11495,5,43200,3600,5,612.5,1190,300,255,147.5,5,530,1072.5,182.5,50,612.5,57.5,5,2085,0,420,392.5,20,5,5,1159.72691812904,5,1995,2245,4240,5,2205,47.5,55,42.5,105,17.5,30,2507.5,0.322146366146956,11.831230969987,8.78642888212266,7.8294910830796,8.74293170943889,10.3958242714224,18.6602870813397,33.7103088299261,2505,0.244510978043912,0.475049900199601,0.119760479041916,0.101796407185629,0.0588822355289421,2505,0.211576846307385,0.42814371257485,0.0728542914171657,0.0199600798403194,0.244510978043912,0.0229540918163673,0.0365376250543715,0.93452380952381,0.0476190476190476,0.0119047619047619,0.0488534396809571,0.879361914257228,0.0578265204386839
6,6,"Brock TP",2125,1105,1600,1565,1330,2020,2565,12305,6,53200,4433.33333333333,6,555,885,367.5,350,235,6,715,757.5,225,80,555,62.5,6,2130,0,257.5,232.5,20,0,6,1341.40884103403,6,2330,1465,3795,6,2075,40,60,12.5,205,0,0,2392.5,0.302573422789631,17.2694026818367,8.98008939455506,13.0028443722064,12.7184071515644,10.8086143843966,16.4160910199106,20.8451848841934,2392.5,0.231974921630094,0.369905956112853,0.153605015673981,0.146290491118077,0.0982236154649948,2395,0.298538622129436,0.316283924843424,0.0939457202505219,0.0334029227557411,0.231732776617954,0.0260960334029228,0.0209264526615197,0.902912621359223,0.0776699029126214,0,0.0856844305120167,0.867293625914316,0.0470219435736677
7,7,"Brockville",3945,3150,3190,3060,3690,5420,8435,30880,7,41600,3466.66666666667,7,2440,2855,912.5,662.5,350,7,1325,2260,785,115,2440,290,7,6432.5,15,770,652.5,77.5,42.5,7,1049.60964895192,7,4900,4485,9390,7,4330,492.5,437.5,62.5,1500,340,57.5,7220,0.302772014120746,12.7752590673575,10.2007772020725,10.330310880829,9.90932642487047,11.949481865285,17.5518134715026,27.315414507772,7220,0.337950138504155,0.395429362880886,0.126385041551247,0.0917590027700831,0.0484764542936288,7215,0.183645183645184,0.313236313236313,0.108801108801109,0.0159390159390159,0.338184338184338,0.0401940401940402,0.0249352331606218,0.847402597402597,0.100649350649351,0.0551948051948052,0.254847645429363,0.599722991689751,0.137465373961219
8,8,"Centre Wellington",5335,3245,3480,3680,3775,4575,6555,30645,8,50400,4200,8,1357.5,2275,877.5,900,580,8,1897.5,1985,487.5,125,1357.5,130,8,5110,10,862.5,765,65,30,8,1425.84492601614,8,5445,3945,9390,8,4345,302.5,352.5,90,787.5,52.5,57.5,5987.5,0.3394868871467,17.4090389949421,10.5890031000163,11.3558492413118,12.0084842551803,12.3184858867678,14.9290259422418,21.3901125795399,5990,0.226627712854758,0.379799666110184,0.146494156928214,0.15025041736227,0.0968280467445743,5982.5,0.317175094024237,0.331801086502298,0.0814876723777685,0.0208942749686586,0.226911826159632,0.0217300459674049,0.0281448849730788,0.88695652173913,0.0753623188405797,0.0347826086956522,0.140292275574113,0.725678496868476,0.124425887265136
9,9,"Chatham-Kent",16610,11275,10995,11525,12060,16560,23075,102090,9,42400,3533.33333333333,9,6695,8410,2945,2422.5,1597.5,9,5290,6810,2345,272.5,6695,652.5,9,19587.5,72.5,2407.5,2020,240,140,9,961.711590568947,9,16460,14205,30665,9,16777.5,717.5,775,355,2540,767.5,135,22065,0.272182525632721,16.2699578803017,11.0441767068273,10.7699089039083,11.2890586737193,11.8131060828681,16.2209814869233,22.6026055441277,22070,0.303352967829633,0.381060262800181,0.133439057544178,0.109764386044404,0.072383325781604,22065,0.239746204396102,0.308633582596873,0.10627690913211,0.0123498753682302,0.303421708588262,0.0295717199184228,0.0235821334116956,0.839044652128764,0.0996884735202492,0.0581516095534787,0.149898028552005,0.76036709721278,0.0837298889644233
10,10,"Cobourg",2540,1775,1955,2035,2010,3155,6310,19780,10,48000,4000,10,1475,1850,570,435,235,10,880,1517.5,510,62.5,1475,120,10,3822.5,5,742.5,690,20,27.5,10,1288.26860875322,10,2965,3300,6270,10,2627.5,202.5,562.5,82.5,892.5,180,17.5,4565,0.322067152188305,12.8412537917088,8.9737108190091,9.88372093023256,10.2881698685541,10.1617795753286,15.9504550050556,31.9009100101112,4565,0.323110624315444,0.4052573932092,0.12486308871851,0.0952902519167579,0.0514786418400876,4565,0.192771084337349,0.332420591456736,0.111719605695509,0.0136911281489595,0.323110624315444,0.0262869660460022,0.0375379170879676,0.929292929292929,0.0269360269360269,0.037037037037037,0.234939759036145,0.575575027382256,0.18565169769989
11,11,"Collingwood",3295,2235,2540,2630,2740,3825,7005,24275,11,47600,3966.66666666667,11,1902.5,2092.5,710,597.5,285,11,1152.5,1752.5,530,67.5,1902.5,185,11,4687.5,15,882.5,785,67.5,35,11,1445.55298724264,11,4160,3970,8125,11,3152.5,395,680,117.5,1005,237.5,12.5,5587.5,0.364425122834279,13.5736354273944,9.20700308959835,10.4634397528321,10.8341915550978,11.2873326467559,15.7569515962925,28.8568486096807,5587.5,0.340492170022371,0.374496644295302,0.127069351230425,0.106935123042506,0.051006711409396,5590,0.206171735241503,0.31350626118068,0.0948121645796064,0.0120751341681574,0.340339892665474,0.0330948121645796,0.0363542739443872,0.889518413597734,0.0764872521246459,0.0396600566572238,0.222371364653244,0.56420581655481,0.213422818791946
12,12,"Cornwall",9635,6030,7220,6575,6755,9660,13880,59750,12,41200,3433.33333333333,12,4397.5,5032.5,1767.5,1357.5,845,12,2802.5,3922.5,1595,175,4397.5,510,12,12205,102.5,1090,832.5,162.5,100,12,1002.39260017328,12,8940,7190,16130,12,7700,1147.5,625,895,2332.5,575,122.5,13400,0.291959009759208,16.1255230125523,10.092050209205,12.0836820083682,11.0041841004184,11.3054393305439,16.1673640167364,23.2301255230126,13400,0.328171641791045,0.375559701492537,0.131902985074627,0.101305970149254,0.0630597014925373,13402.5,0.209102779332214,0.292669278119754,0.119007647826898,0.0130572654355531,0.328110427159112,0.0380526021264689,0.0182426778242678,0.763761467889908,0.149082568807339,0.0917431192660551,0.216977611940299,0.574626865671642,0.199067164179104
13,13,"Elliot Lake",1175,725,875,930,1010,2105,4410,11225,13,38000,3166.66666666667,13,1162.5,1232.5,252.5,167.5,100,13,350,992.5,280,15,1162.5,120,13,2530,0,390,375,12.5,0,13,776.502929960575,13,1640,1905,3545,13,1315,550,292.5,35,440,287.5,0,2920,0.245211451566497,10.467706013363,6.45879732739421,7.79510022271715,8.28507795100223,8.9977728285078,18.7527839643653,39.2873051224944,2915,0.398799313893654,0.422813036020583,0.0866209262435678,0.0574614065180103,0.0343053173241852,2920,0.11986301369863,0.339897260273973,0.0958904109589041,0.00513698630136986,0.398116438356164,0.0410958904109589,0.0347438752783964,0.961538461538462,0.032051282051282,0,0.249143835616438,0.450342465753425,0.300513698630137
14,14,"Erin T",1815,1425,1165,1315,1890,2260,2080,11950,14,54000,4500,14,320,772.5,370,400,250,14,782.5,677.5,182.5,97.5,320,50,14,1640,0,467.5,440,22.5,5,14,1497.50896934116,14,2310,1340,3650,14,1930,12.5,0,37.5,60,0,67.5,2110,0.332779770964702,15.1882845188285,11.9246861924686,9.7489539748954,11.0041841004184,15.81589958159,18.9121338912134,17.4058577405858,2112.5,0.151479289940828,0.365680473372781,0.175147928994083,0.189349112426035,0.118343195266272,2110,0.37085308056872,0.321090047393365,0.0864928909952607,0.0462085308056872,0.151658767772512,0.023696682464455,0.0391213389121339,0.941176470588235,0.0481283422459893,0.0106951871657754,0.028436018957346,0.914691943127962,0.023696682464455
15,15,"Gravenhurst T",1500,1000,1195,1255,1340,2295,3540,12130,15,44400,3700,15,812.5,1187.5,352.5,250,147.5,15,502.5,967.5,280,65,812.5,122.5,15,2470,0,272.5,257.5,15,0,15,1153.5134180791,15,2180,2140,4320,15,2157.5,37.5,80,37.5,295,37.5,107.5,2750,0.311760383264622,12.3660346248969,8.24402308326463,9.85160758450124,10.3462489694971,11.0469909315746,18.9200329760923,29.1838417147568,2750,0.295454545454545,0.431818181818182,0.128181818181818,0.0909090909090909,0.0536363636363636,2750,0.182727272727273,0.351818181818182,0.101818181818182,0.0236363636363636,0.295454545454545,0.0445454545454545,0.0224649629018961,0.944954128440367,0.055045871559633,0,0.120909090909091,0.784545454545455,0.0563636363636364
16,16,"Greater Napanee T",2280,1500,1695,1685,1950,2705,4145,15960,16,42800,3566.66666666667,16,930,1412.5,475,382.5,237.5,16,845,1167.5,332.5,42.5,930,112.5,16,3187.5,0,247.5,225,10,12.5,16,1185.508721398,16,2755,2070,4830,16,2530,152.5,132.5,20,587.5,0,7.5,3435,0.332385622821869,14.2857142857143,9.3984962406015,10.6203007518797,10.5576441102757,12.218045112782,16.9486215538847,25.9711779448622,3437.5,0.270545454545455,0.410909090909091,0.138181818181818,0.111272727272727,0.0690909090909091,3430,0.246355685131195,0.340379008746356,0.0969387755102041,0.0123906705539359,0.271137026239067,0.032798833819242,0.0155075187969925,0.909090909090909,0.0404040404040404,0.0505050505050505,0.171033478893741,0.736535662299854,0.0887918486171761
17,17,"Greater Sudbury / Grand Sudbury",26305,19540,21385,20735,21375,25705,32575,167620,17,46400,3866.66666666667,17,11250,13382.5,5405,4537.5,2082.5,17,8865,10415,4075,495,11250,1562.5,17,33385,570,2705,2045,387.5,270,17,1185.97419222098,17,28025,19560,47580,17,22485,1710,1507.5,2140,6052.5,2392.5,365,36660,0.306717463505426,15.6932346975301,11.6573201288629,12.7580241021358,12.3702422145329,12.7520582269419,15.3352821858967,19.4338384440997,36657.5,0.306894905544568,0.365068539862238,0.14744595239719,0.123780945236309,0.0568096569596945,36662.5,0.241800204568701,0.284077736106376,0.111148994203887,0.0135015342652574,0.306853051483123,0.042618479372656,0.016137692399475,0.756007393715342,0.143253234750462,0.099815157116451,0.230360065466448,0.613338788870704,0.14614020731042
18,18,"Guelph",26900,21465,23915,22020,21370,21535,26280,163485,18,56000,4666.66666666667,18,8217.5,10670,5127.5,5127.5,2950,18,9820,8392.5,3100,772.5,8217.5,1787.5,18,23270,397.5,8422.5,6085,1432.5,900,18,1501.45883750671,18,27210,16730,43945,18,17162.5,1352.5,4500,1790,3977.5,3257.5,52.5,32085,0.321741179465724,16.4541089396581,13.1296449215524,14.6282533565771,13.4691256078539,13.0715356148882,13.1724623054103,16.07486925406,32092.5,0.256056711069565,0.332476435304199,0.159772532523175,0.159772532523175,0.0919217885798863,32090,0.306014334683702,0.261530071673419,0.0966033032097227,0.0240729199127454,0.25607665939545,0.0557027111249611,0.0515184879346729,0.722469575541704,0.170080142475512,0.106856634016028,0.225494779491974,0.534907277544024,0.238195418419822
19,19,"Haldimand County CY",8625,5235,5765,5685,5785,7850,9620,48565,19,44800,3733.33333333333,19,2117.5,3465,1442.5,1342.5,992.5,19,2942.5,2980,840,247.5,2117.5,235,19,8242.5,20,1095,950,115,32.5,19,1252.97502726511,19,9445,5925,15370,19,7897.5,292.5,340,157.5,607.5,27.5,40,9357.5,0.335618310874583,17.7597034901678,10.7793678575106,11.870688767631,11.7059610830845,11.9118706887676,16.1639040461238,19.8085040667147,9360,0.226228632478632,0.370192307692308,0.154113247863248,0.143429487179487,0.106036324786325,9362.5,0.314285714285714,0.318291054739653,0.0897196261682243,0.0264352469959947,0.226168224299065,0.0251001335113485,0.0225471018223,0.867579908675799,0.105022831050228,0.0296803652968037,0.0678600053433075,0.843975420785466,0.0844242586160834
20,20,"Hamilton",125670,91695,104275,101965,100550,108170,141120,773440,20,50800,4233.33333333333,20,41645,50140,24437.5,23625,13842.5,20,46635,38445,17545,3630,41645,5792.5,20,103977.5,2432.5,47280,36642.5,6812.5,3827.5,20,1437.76388779403,20,126655,83620,210270,20,84605,5082.5,21985,4040,12787.5,24825,370,153690,0.339629264833235,16.2481899048407,11.855476830782,13.4819766239139,13.1833109226314,13.0003620190319,13.9855709557302,18.2457592056268,153690,0.270967532045026,0.326241134751773,0.159005140217321,0.153718524302167,0.090067668683714,153692.5,0.303430551263074,0.25014232965174,0.114156513818176,0.0236185890658295,0.270963124420515,0.0376888917806659,0.0611294993793959,0.775010575296108,0.144088409475465,0.0809538917089679,0.244729650595354,0.550491248617347,0.202404190253107
21,21,"Hawkesbury",1485,1025,1125,1130,1430,2020,3425,11640,21,36400,3033.33333333333,21,1252.5,1087.5,352.5,190,105,21,412.5,822.5,372.5,17.5,1252.5,107.5,21,2832.5,7.5,152.5,102.5,30,15,21,901.365757558822,21,1645,1445,3085,21,1122.5,362.5,157.5,457.5,862.5,0,27.5,2992.5,0.297153546447963,12.7577319587629,8.80584192439863,9.66494845360825,9.70790378006873,12.2852233676976,17.3539518900344,29.4243986254296,2987.5,0.419246861924686,0.364016736401674,0.117991631799163,0.0635983263598326,0.0351464435146444,2985,0.138190954773869,0.275544388609715,0.124790619765494,0.00586264656616415,0.419597989949749,0.0360134003350084,0.0131013745704467,0.672131147540984,0.19672131147541,0.0983606557377049,0.288220551378446,0.375104427736007,0.326649958228906
22,22,"Huntsville T",2860,1960,2305,2330,2520,3800,4955,20730,22,43600,3633.33333333333,22,1167.5,1792.5,630,530,287.5,22,1062.5,1520,385,100,1167.5,170,22,3962.5,15,427.5,370,47.5,10,22,1211.129979277,22,3915,3160,7070,22,3522.5,55,72.5,152.5,502.5,40,57.5,4410,0.333338526406514,13.7964302942595,9.45489628557646,11.119150988905,11.2397491558128,12.1562952243126,18.3309213699952,23.9025566811384,4407.5,0.264889393079977,0.406693136698809,0.142938173567782,0.120249574588769,0.0652297220646625,4405,0.241203178206583,0.345062429057889,0.0874006810442679,0.0227014755959137,0.265039727582293,0.0385925085130533,0.0206222865412446,0.865497076023392,0.111111111111111,0.0233918128654971,0.123015873015873,0.79875283446712,0.0634920634920635
23,23,"Ingersoll",2500,1530,1730,1780,1760,2025,2220,13545,23,48000,4000,23,687.5,992.5,442.5,385,227.5,23,815,805,307.5,45,687.5,80,23,2445,5,282.5,242.5,25,15,23,1257.69017990241,23,2750,1420,4170,23,1947.5,207.5,185,45,312.5,32.5,5,2732.5,0.314422544975602,18.4569952011812,11.2956810631229,12.7722406792174,13.141380583241,12.9937246216316,14.9501661129568,16.3898117386489,2735,0.251371115173675,0.362888482632541,0.161791590493601,0.140767824497258,0.083180987202925,2740,0.297445255474453,0.293795620437956,0.112226277372263,0.0164233576642336,0.250912408759124,0.0291970802919708,0.0208564045773348,0.858407079646018,0.0884955752212389,0.0530973451327434,0.126258005489478,0.712717291857274,0.160109789569991
24,24,"Kawartha Lakes",10530,6950,8040,7905,8585,13965,21260,77230,24,42400,3533.33333333333,24,4195,6857.5,2290,1877.5,1137.5,24,3882.5,5940,1427.5,407.5,4195,507.5,24,14675,27.5,1647.5,1540,95,12.5,24,1197.54869174358,24,14230,12070,26305,24,13700,267.5,327.5,437.5,1112.5,362.5,150,16352.5,0.338928875021768,13.6345979541629,8.99909361647028,10.4104622556002,10.2356597177263,11.1161465751651,18.0823514178428,27.5281626311019,16357.5,0.256457282592083,0.419226654439859,0.139996943298181,0.114779153293596,0.06953996637628,16360,0.23731662591687,0.363080684596577,0.0872555012224939,0.0249083129584352,0.256418092909535,0.031020782396088,0.0213323837886832,0.934749620637329,0.0576631259484067,0.00758725341426404,0.0902002751872802,0.837792386485247,0.0631401926310962
25,25,"Kenora",2290,1455,1980,1675,1855,2340,3015,14610,25,48000,4000,25,1065,1167.5,452.5,380,185,25,737.5,952.5,337.5,50,1065,112.5,25,3055,15,182.5,145,25,10,25,1188.09426353769,25,2875,1910,4780,25,2507.5,87.5,45,120,357.5,85,50,3255,0.297023565884423,15.6741957563313,9.95893223819302,13.5523613963039,11.4647501711157,12.6967830253251,16.0164271047228,20.6365503080082,3250,0.327692307692308,0.359230769230769,0.139230769230769,0.116923076923077,0.0569230769230769,3255,0.226574500768049,0.292626728110599,0.1036866359447,0.0153609831029186,0.327188940092166,0.0345622119815668,0.0124914442162902,0.794520547945205,0.136986301369863,0.0547945205479452,0.135944700460829,0.770353302611367,0.0775729646697389
26,26,"Kincardine MU",2145,1080,1365,1590,1210,1930,2740,12060,26,47600,3966.66666666667,26,757.5,997.5,315,327.5,185,26,677.5,865,192.5,35,757.5,50,26,2235,15,327.5,277.5,35,12.5,26,1283.61938219636,26,1975,1965,3940,26,2067.5,70,180,25,207.5,0,22.5,2580,0.323601524923452,17.7860696517413,8.95522388059701,11.318407960199,13.18407960199,10.0331674958541,16.0033167495854,22.7197346600332,2582.5,0.293320425943853,0.386253630203291,0.121974830590513,0.126815101645692,0.0716360116166505,2577.5,0.262851600387973,0.335596508244423,0.0746847720659554,0.0135790494665373,0.293889427740058,0.0193986420950533,0.0271558872305141,0.847328244274809,0.106870229007634,0.0381679389312977,0.0804263565891473,0.801356589147287,0.106589147286822
27,27,"Kingston",24810,20770,23105,20375,19660,24405,34945,168075,27,48800,4066.66666666667,27,11092.5,13835,5232.5,4405,2192.5,27,8612.5,10800,3590,502.5,11092.5,2157.5,27,30892.5,690,5170,4062.5,687.5,417.5,27,1347.60308052285,27,26585,19245,45825,27,20827.5,2362.5,2315,1122.5,4977.5,4932.5,215,36752.5,0.331377806685947,14.7612672913878,12.3575784619961,13.7468392086866,12.1225643313997,11.697159006396,14.5203034359661,20.7913134017552,36757.5,0.301775147928994,0.376385771611236,0.142351900972591,0.119839488539754,0.0596476909474257,36755,0.234321860971296,0.293837573119303,0.0976737858794722,0.0136716093048565,0.301795674057951,0.0586994966671201,0.0307600773464227,0.7857833655706,0.132978723404255,0.0807543520309478,0.269641520984967,0.566696143119516,0.157812393714713
28,28,"Kitchener - Cambridge - Waterloo",98465,75790,87920,77850,72400,71015,84620,568065,28,54400,4533.33333333333,28,27165,36085,17847.5,17580,10857.5,28,34510,28040,11315,2570,27165,5930,28,72702.5,3727.5,33095,22927.5,5897.5,4275,28,1449.64065214197,28,88870,52210,141085,28,58025,6545,12822.5,3017.5,14517.5,14322.5,272.5,109527.5,0.319773673266611,17.3334037478106,13.3417830705993,15.4771020921902,13.7044176282644,12.7450203761893,12.5012102488272,14.8961826551539,109535,0.248002921440635,0.329438079152782,0.162938786689186,0.16049664490802,0.099123567809376,109530,0.315073495845887,0.256002921573998,0.103305030585228,0.0234638911713686,0.24801424267324,0.0541404181502785,0.0582591780870147,0.692778365311981,0.178199123734703,0.129173591176915,0.263312866631668,0.529775627125608,0.204377895962201
29,29,"Lambton Shores MU",1450,960,945,965,1195,2315,3710,11545,29,40800,3400,29,757.5,1237.5,277.5,230,150,29,500,1122.5,182.5,30,757.5,62.5,29,2350,0,300,282.5,10,0,29,992.238145258103,29,1865,2305,4165,29,2225,22.5,90,20,225,0,62.5,2652.5,0.291834748605324,12.5595495885665,8.3152880034647,8.18536162841057,8.35859679514942,10.3508012126462,20.0519705500217,32.1351234300563,2652.5,0.285579641847314,0.466540999057493,0.104618284637135,0.0867106503298775,0.056550424128181,2655,0.188323917137476,0.422787193973635,0.0687382297551789,0.0112994350282486,0.285310734463277,0.0235404896421846,0.0259852750108272,0.941666666666667,0.0333333333333333,0,0.0848256361922714,0.838831291234684,0.0499528746465598
30,30,"London",89595,67705,76950,69220,65015,72465,94820,535780,30,47200,3933.33333333333,30,32635,38205,16445,14755,9082.5,30,29942.5,28955,12120,1655,32635,5810,30,80862.5,3280,26977.5,19167.5,4725,3080,30,1282.73215210184,30,83215,54635,137850,30,61120,4162.5,12500,2497.5,11235,19175,430,111120,0.326118343754705,16.722348725223,12.6367165627683,14.3622382321102,12.9194818768898,12.1346448169025,13.5251409160476,17.6975624323416,111122.5,0.293684897298027,0.343809759499651,0.147989831042318,0.132781389907534,0.0817341222524691,111117.5,0.269467005647175,0.260580016649043,0.109073728260625,0.0148941435867438,0.293698112358539,0.0522869934978739,0.0503518235096495,0.710499490316004,0.175145954962469,0.114169215086646,0.273668106551476,0.55003599712023,0.172426205903528
31,31,"Meaford MU",1515,870,1025,1135,1195,2030,3540,11315,31,42000,3500,31,702.5,1107.5,310,270,127.5,31,550,1007.5,165,40,702.5,52.5,31,2200,0,317.5,290,20,5,31,1123.77792825571,31,1855,2010,3865,31,2047.5,17.5,165,32.5,252.5,0,0,2517.5,0.32107940807306,13.3893062306673,7.68890852850199,9.05877154220062,10.0309323906319,10.5612019443217,17.9407865665046,31.2859036676977,2517.5,0.279046673286991,0.439920556107249,0.123138033763654,0.107249255213505,0.0506454816285998,2517.5,0.218470705064548,0.400198609731877,0.0655412115193644,0.015888778550149,0.279046673286991,0.0208540218470705,0.0280600972160848,0.913385826771654,0.062992125984252,0.015748031496063,0.100297914597815,0.81330685203575,0.0854021847070506
32,32,"Midland",3480,2390,3045,2715,3000,4610,7120,26365,32,40800,3400,32,1815,2307.5,860,632.5,297.5,32,1210,1805,697.5,132.5,1815,250,32,5317.5,10,585,515,55,15,32,1158.24699922032,32,4435,3730,8165,32,3902.5,222.5,277.5,382.5,812.5,265,50,5912.5,0.340660882123624,13.1993172766926,9.06504835956761,11.549402617106,10.2977432201783,11.3787217902522,17.4853024843543,27.005499715532,5912.5,0.306976744186047,0.390274841437632,0.145454545454545,0.106976744186047,0.0503171247357294,5910,0.204737732656514,0.305414551607445,0.118020304568528,0.022419627749577,0.307106598984772,0.0423011844331641,0.0221885074909918,0.88034188034188,0.094017094017094,0.0256410256410256,0.182241014799154,0.660042283298097,0.149260042283298
33,33,"Norfolk",10245,6560,6985,6995,7505,11190,16750,66225,33,45600,3800,33,3687.5,5580,1825,1637.5,1065,33,3510,4755,1200,277.5,3687.5,370,33,11895,45,1857.5,1660,155,45,33,1103.02607275149,33,11420,10440,21860,33,11405,400,485,270,942.5,195,102.5,13797.5,0.290270019145129,15.4699886749717,9.90562476406191,10.5473763684409,10.562476406191,11.3325783314458,16.8969422423556,25.2925632314081,13795,0.267306995288148,0.404494382022472,0.132294309532439,0.118702428416093,0.0772018847408481,13800,0.254347826086956,0.344565217391304,0.0869565217391304,0.0201086956521739,0.267210144927536,0.0268115942028985,0.0280483201208003,0.893674293405114,0.0834454912516824,0.0242261103633917,0.0824424714622214,0.826599021561877,0.0837108171770248
34,34,"North Bay",10380,7705,8520,8325,8475,11680,15090,70175,34,42400,3533.33333333333,34,4787.5,6002.5,2180,1770,855,34,3445,4737.5,1680,212.5,4787.5,730,34,14650,92.5,850,707.5,102.5,45,34,1142.3151794087,34,12435,8380,20810,34,9272.5,1185,1002.5,807.5,2160,1040,125,15592.5,0.323296748889255,14.7915924474528,10.9796936230851,12.1410758817243,11.8631991449947,12.0769504809405,16.6441040256502,21.5033843961525,15595,0.306989419685797,0.384899006091696,0.139788393715935,0.113497915998718,0.0548252645078551,15592.5,0.220939554272888,0.303831970498637,0.107744107744108,0.0136283469616803,0.307038640371974,0.0468173801507135,0.0121125757035981,0.832352941176471,0.120588235294118,0.0529411764705882,0.205226871893539,0.594676928010261,0.192079525412859
35,35,"North Perth MU",3285,1735,2185,1885,1555,1975,2790,15410,35,47600,3966.66666666667,35,747.5,1102.5,397.5,397.5,335,35,950,957.5,212.5,30,747.5,80,35,2552.5,27.5,395,277.5,85,37.5,35,1205.81925643102,35,2225,1640,3870,35,2092.5,132.5,155,55,477.5,0,67.5,2977.5,0.303988047839753,21.3173264114212,11.2589227774173,14.1791044776119,12.2323166774822,10.0908500973394,12.8163530175211,18.105126541207,2980,0.250838926174497,0.36996644295302,0.133389261744966,0.133389261744966,0.11241610738255,2977.5,0.319059613769941,0.321578505457599,0.0713685978169605,0.0100755667506297,0.251049538203191,0.0268681780016793,0.0256327060350422,0.70253164556962,0.215189873417722,0.0949367088607595,0.160369437447523,0.702770780856423,0.115029387069689
36,36,"Orillia",4645,3300,4415,3620,3570,4930,7795,32270,37,45600,3800,36,2392.5,2605,1032.5,725,452.5,36,1425,1945,927.5,167.5,2392.5,357.5,36,6352.5,25,835,715,85,35,36,1303.89866508695,36,4930,3895,8825,36,4015,157.5,627.5,470,1380,460,97.5,7210,0.343131227654461,14.3941741555624,10.226216299969,13.6814378679888,11.2178493957236,11.0629067245119,15.2773473814689,24.1555624418965,7207.5,0.331945889698231,0.361429066944155,0.143253555324315,0.100589663544918,0.0627818244883802,7215,0.197505197505198,0.26957726957727,0.128551628551629,0.0232155232155232,0.331600831600832,0.0495495495495495,0.0258754260923458,0.856287425149701,0.101796407185629,0.0419161676646707,0.255201109570042,0.556865464632455,0.174063800277393
37,37,"Oshawa",76775,49590,54010,58010,55015,55490,62515,411405,38,54000,4500,37,15665,22712.5,13537.5,13850,8757.5,37,26602.5,17255,9657.5,2662.5,15665,2677.5,37,52945,525,21055,16042.5,3307.5,1700,37,1577.62279255599,37,75410,36015,111425,37,48610,3962.5,7877.5,2630,5600,5705,132.5,74525,0.35058284279022,18.6616594353496,12.0538155831845,13.1281826910222,14.1004606166673,13.3724675198405,13.4879255235109,15.195488630425,74522.5,0.210204971652857,0.304773726055889,0.181656546680533,0.185849911100674,0.117514844510047,74520,0.356984702093398,0.23154857756307,0.129596081588835,0.0357286634460547,0.210212023617821,0.0359299516908213,0.0511782793111411,0.76193303253384,0.157088577535027,0.0807409166468772,0.151694062395169,0.652264340825226,0.194163032539416
38,38,"Ottawa",186910,141735,155870,149060,147520,152835,182865,1116800,39,57200,4766.66666666667,38,63227.5,76905,34467.5,33110,19080,38,66075,59785,22427.5,3552.5,63227.5,11715,38,159640,5275,61875,42962.5,11395,7515,38,1491.08963675269,38,179600,117455,297050,38,102255,12092.5,45127.5,4115,23752.5,38582.5,865,226787.5,0.312816007710355,16.7362106017192,12.6911712034384,13.956840974212,13.3470630372493,13.2091690544413,13.6850823782235,16.3740150429799,226790,0.278793156664756,0.339102253185767,0.151979805106045,0.14599409145024,0.0841306935931919,226782.5,0.291358460198648,0.263622634021585,0.098894315037536,0.0156647889497646,0.278802376726599,0.0516574250658671,0.0554038323782235,0.694343434343434,0.184161616161616,0.121454545454545,0.274860827867497,0.450884638703632,0.270451413768396
39,39,"Owen Sound",4660,3170,3610,3595,3505,5280,8060,31870,40,38800,3233.33333333333,39,2330,2770,917.5,760,417.5,39,1552.5,2285,722.5,87.5,2330,220,39,6572.5,12.5,610,520,45,40,39,1084.89119811429,39,5120,4630,9750,39,4617.5,245,360,125,1382.5,365,100,7192.5,0.335533360241533,14.6219014747411,9.94665829934107,11.327267022278,11.2802008158142,10.9978035770317,16.5673046752432,25.2902416065265,7195,0.323835997220292,0.38498957609451,0.127519110493398,0.105628908964559,0.0580264072272411,7197.5,0.215699895797152,0.317471344216742,0.100382077110108,0.0121569989579715,0.323723515109413,0.0305661688086141,0.019140257295262,0.852459016393443,0.0737704918032787,0.0655737704918033,0.2429614181439,0.641988182134168,0.101494612443518
40,40,"Pembroke",3565,2385,2910,2725,2630,3740,5125,23085,41,40800,3400,40,1612.5,1922.5,745,532.5,315,40,1135,1537.5,600,62.5,1612.5,182.5,40,4852.5,5,270,232.5,22.5,15,40,1068.61571845515,40,3860,3110,6970,40,3620,280,175,110,922.5,0,22.5,5130,0.314298740722103,15.4429283084254,10.3313840155945,12.6055880441845,11.8042018626814,11.3926792289365,16.2009963179554,22.2005631362357,5127.5,0.314480741101901,0.374939054119941,0.145294978059483,0.103851779619698,0.0614334470989761,5130,0.221247563352826,0.299707602339181,0.116959064327485,0.0121832358674464,0.314327485380117,0.0355750487329435,0.0116959064327485,0.861111111111111,0.0833333333333333,0.0555555555555556,0.179824561403509,0.705653021442495,0.110136452241715
41,41,"Petawawa",3925,1880,3765,2680,1730,1610,1715,17295,42,74500,6208.33333333333,41,777.5,1180,577.5,570,272.5,41,1170,937.5,272.5,35,777.5,187.5,41,3130,15,235,162.5,57.5,12.5,41,1203.36643407971,41,2970,1360,4335,41,2380,250,400,20,317.5,0,10,3380,0.193830835019551,22.6944203527031,10.8701936976005,21.7692974848222,15.4958080370049,10.0028910089621,9.30904885805146,9.9161607400983,3377.5,0.23019985196151,0.349370836417469,0.170984455958549,0.168763878608438,0.080680977054034,3380,0.346153846153846,0.277366863905325,0.0806213017751479,0.0103550295857988,0.230029585798817,0.0554733727810651,0.0135877421220006,0.691489361702128,0.24468085106383,0.0531914893617021,0.0939349112426035,0.70414201183432,0.198224852071006
42,42,"Peterborough",18900,14205,15945,14595,13885,19005,29455,125995,43,45200,3766.66666666667,42,7597.5,9965,3872.5,3265,1957.5,42,6382.5,8035,2790,492.5,7597.5,1362.5,42,23605,230,2817.5,2370,285,162.5,42,1261.0716030573,42,19865,16700,36565,42,18427.5,422.5,1622.5,1355,3387.5,1297.5,137.5,26652.5,0.334797770723177,15.0005952617167,11.2742569149569,12.6552640977817,11.583793007659,11.0202785824834,15.0839319020596,23.3779118218977,26657.5,0.285004220200694,0.373815999249742,0.145268686110851,0.122479602363312,0.0734314920754009,26660,0.239403600900225,0.30138784696174,0.104651162790698,0.0184733683420855,0.284977494373593,0.0511065266316579,0.0223619984920037,0.841171251109139,0.101153504880213,0.0576752440106477,0.17578088359441,0.6913985554826,0.127567770378013
43,43,"Port Hope",2210,1535,1875,1860,1965,2925,4510,16890,44,42800,3566.66666666667,43,985,1495,550,420,210,43,867.5,1245,387.5,70,985,105,43,3155,5,497.5,472.5,15,5,43,1312.29556401927,43,3180,2475,5650,43,2642.5,137.5,212.5,40,395,222.5,0,3657.5,0.367933335706337,13.084665482534,9.0882178804026,11.101243339254,11.01243339254,11.6341030195382,17.3179396092362,26.7021906453523,3660,0.269125683060109,0.408469945355191,0.150273224043716,0.114754098360656,0.0573770491803279,3660,0.237021857923497,0.340163934426229,0.105874316939891,0.0191256830601093,0.269125683060109,0.0286885245901639,0.0294552989934873,0.949748743718593,0.0301507537688442,0.0100502512562814,0.168831168831169,0.722488038277512,0.10663021189337
44,44,"Prince Edward County CY",2965,1770,2155,2495,2720,4815,8275,25190,45,48400,4033.33333333333,44,1535,2625,682.5,537.5,285,44,1152.5,2375,365,85,1535,155,44,4975,10,682.5,635,25,22.5,44,1174.88433029602,44,4100,4870,8975,44,4867.5,120,175,15,395,5,85,5665,0.291293635610583,11.7705438666137,7.02659785629218,8.55498213576816,9.90472409686383,10.7979356887654,19.1147280666931,32.8503374354903,5665,0.270962047661077,0.463371579876434,0.120476610767873,0.0948808473080318,0.0503089143865843,5667.5,0.203352448169387,0.419056021173357,0.0644022937803264,0.0149977944419938,0.270842523158359,0.027348919276577,0.027094084954347,0.93040293040293,0.0366300366300366,0.032967032967033,0.0706090026478376,0.859223300970874,0.0547219770520741
45,45,"Sarnia",14835,9970,11850,11100,10930,14970,22625,96285,46,45600,3800,45,6577.5,8062.5,2855,2447.5,1285,45,4985,6592.5,2145,187.5,6577.5,742.5,45,18302.5,185,2740,2395,227.5,122.5,45,1102.28192849789,45,15885,14335,30220,45,15427.5,690,1062.5,387.5,1597.5,1997.5,65,21227.5,0.290074191709971,15.4073843277769,10.3546762216337,12.3072129615205,11.5282754323103,11.3517162590227,15.5475930830347,23.4979487978397,21227.5,0.309857496172418,0.379813920621835,0.134495348015546,0.115298551407373,0.0605346837828289,21230,0.234809232218559,0.310527555346208,0.101036269430052,0.00883184173339614,0.309821008007536,0.0349740932642487,0.0284571844004777,0.874087591240876,0.083029197080292,0.0447080291970803,0.169355788481922,0.726769520668944,0.100812625132493
46,46,"Saugeen Shores T",2530,1215,2000,1945,1515,2490,3950,15640,47,48800,4066.66666666667,46,1002.5,1412.5,430,417.5,195,46,862.5,1245,242.5,25,1002.5,75,46,2972.5,12.5,465,370,52.5,37.5,46,1328.17512272219,46,2940,2565,5510,46,2582.5,170,235,22.5,405,0,37.5,3452.5,0.326600440013653,16.1764705882353,7.76854219948849,12.7877237851662,12.4360613810742,9.68670076726343,15.920716112532,25.2557544757033,3457.5,0.289949385394071,0.408532176428055,0.124367317425886,0.120751988430947,0.0563991323210412,3452.5,0.249818971759594,0.360608254887762,0.0702389572773353,0.00724112961622013,0.290369297610427,0.0217233888486604,0.0297314578005115,0.795698924731183,0.112903225806452,0.0806451612903226,0.117306299782766,0.748008689355539,0.123823316437364
47,47,"Sault Ste. Marie",11030,8000,8870,8615,8790,12225,17895,75420,48,39600,3300,47,5707.5,6290,2445,1882.5,797.5,47,3725,4862.5,2040,167.5,5707.5,622.5,47,15262.5,140,1722.5,1545,115,65,47,997.640663544183,47,12800,10965,23765,47,11420,940,467.5,695,2480,1027.5,97.5,17130,0.302315352589146,14.6247679660567,10.6072659771944,11.7608061522143,11.4226995491912,11.6547334924423,16.2092283214002,23.7271280827367,17122.5,0.333333333333333,0.367352898233319,0.142794568550153,0.10994305738064,0.0465761425025551,17125,0.217518248175182,0.283941605839416,0.119124087591241,0.00978102189781022,0.333284671532847,0.0363503649635036,0.0228387695571466,0.896952104499274,0.0667634252539913,0.0377358490566038,0.204757734967893,0.666666666666667,0.122737886748395
48,48,"Scugog TP",3020,2315,2130,2340,2570,3900,5010,21280,49,52800,4400,48,802.5,1632.5,677.5,655,355,48,1285,1422.5,357.5,132.5,802.5,117.5,48,3555,0,567.5,520,30,22.5,48,1416.63303853614,48,3890,3065,6955,48,3685,82.5,40,57.5,222.5,22.5,10,4122.5,0.321962054212759,14.1917293233083,10.8787593984962,10.0093984962406,10.9962406015038,12.0770676691729,18.3270676691729,23.5432330827068,4122.5,0.194663432383263,0.395997574287447,0.164342025469982,0.158884172225591,0.0861127956337174,4117.5,0.312082574377656,0.345476624165149,0.0868245294474803,0.0321797207043109,0.194899817850638,0.0285367334547662,0.0266682330827068,0.916299559471366,0.052863436123348,0.039647577092511,0.0594299575500303,0.893875075803517,0.0436628259551243
49,49,"South Dundas MU",1660,950,1110,1035,1330,1945,2920,10940,50,43200,3600,49,605,1002.5,297.5,250,175,49,535,867.5,215,47.5,605,62.5,49,2145,0,177.5,155,15,7.5,49,998.569749216301,49,1910,1715,3625,49,1865,165,107.5,15,122.5,15,37.5,2327.5,0.277380485893417,15.1736745886654,8.6837294332724,10.146252285192,9.46069469835466,12.1572212065814,17.7787934186472,26.691042047532,2330,0.259656652360515,0.430257510729614,0.127682403433476,0.107296137339056,0.0751072961373391,2332.5,0.229367631296892,0.371918542336549,0.0921757770632369,0.0203644158628081,0.259378349410504,0.0267952840300107,0.0162248628884826,0.873239436619718,0.0845070422535211,0.0422535211267606,0.0590762620837809,0.801288936627283,0.123523093447905
50,50,"South Huron MU",1515,890,1060,1030,985,1570,2800,9855,51,45200,3766.66666666667,50,662.5,880,245,227.5,150,50,495,775,172.5,20,662.5,42.5,50,1937.5,10,222.5,210,5,5,50,1047.28260869565,50,1445,1570,3020,50,1695,52.5,172.5,7.5,210,0,30,2167.5,0.278039630627164,15.3729071537291,9.03094875697616,10.7559614408929,10.4515474378488,9.9949264332826,15.9309994926433,28.4119736174531,2165,0.306004618937644,0.406466512702079,0.113163972286374,0.105080831408776,0.069284064665127,2167.5,0.228373702422145,0.357554786620531,0.0795847750865052,0.00922722029988466,0.305651672433679,0.0196078431372549,0.0225773718924404,0.943820224719101,0.0224719101123595,0.0224719101123595,0.0968858131487889,0.782006920415225,0.107266435986159
51,51,"St. Catharines - Niagara",62715,47295,52160,48255,52305,65970,96775,425480,52,45200,3766.66666666667,51,25735,32747.5,13382.5,11075,6675,51,22475,25837.5,10170,1750,25735,3645,51,68577.5,1207.5,19825,16237.5,2307.5,1280,51,1243.42383472323,51,71880,55400,127280,51,59097.5,5000,6245,3135,10490,5225,422.5,89610,0.330112522492893,14.7398232584375,11.1156811130958,12.2590956096644,11.341308639654,12.2931747673216,15.5048415906741,22.7448998777851,89615,0.287172906321486,0.365424315125816,0.149333258941026,0.123584221391508,0.074485298220164,89612.5,0.250802064444134,0.288324731482773,0.113488631608314,0.0195285255963175,0.287180917840703,0.0406751290277584,0.0465944345210116,0.819041614123581,0.116393442622951,0.0645649432534678,0.175371052337909,0.659496707956701,0.160473161477514
52,52,"Stratford",4760,3340,3930,3985,3970,5115,7380,32485,53,45200,3766.66666666667,52,2462.5,2732.5,982.5,802.5,397.5,52,1622.5,2192.5,787.5,72.5,2462.5,240,52,6372.5,45,955,817.5,87.5,47.5,52,1207.65836923895,52,5370,4330,9695,52,3900,790,447.5,332.5,1475,407.5,12.5,7370,0.320617266169633,14.6529167307988,10.2816684623672,12.0978913344621,12.2672002462675,12.2210250885024,15.7457287979067,22.7181776204402,7377.5,0.333785157573704,0.370382921043714,0.133175194849204,0.108776685869197,0.0538800406641816,7377.5,0.219925449000339,0.297187394103694,0.10674347678753,0.00982717722805829,0.333785157573704,0.0325313453066757,0.0293981837771279,0.856020942408377,0.0916230366492147,0.049738219895288,0.255427408412483,0.529172320217096,0.213025780189959
53,53,"The Nation / La Nation M",2420,1335,1845,1715,1775,2120,1950,13155,54,52800,4400,53,520,985,417.5,417.5,217.5,53,857.5,880,192.5,37.5,520,67.5,53,2410,7.5,135,110,12.5,5,53,1315.78965965626,53,2695,1325,4020,53,2117.5,120,45,55,205,0,12.5,2552.5,0.299043104467332,18.3960471303687,10.1482326111745,14.0250855188141,13.0368681109844,13.4929684530597,16.1155454199924,14.8232611174458,2557.5,0.203323558162268,0.38514173998045,0.163245356793744,0.163245356793744,0.0850439882697947,2555,0.335616438356164,0.344422700587084,0.0753424657534247,0.0146771037181996,0.203522504892368,0.0264187866927593,0.0102622576966933,0.814814814814815,0.0925925925925926,0.037037037037037,0.0803134182174339,0.829578844270323,0.0861900097943193
54,54,"Thunder Bay",17635,14025,16295,13820,14720,18855,25625,120960,55,43600,3633.33333333333,54,8987.5,9720,3765,3075,1522.5,54,5995,7547.5,2992.5,310,8987.5,1240,54,23840,437.5,2800,2357.5,272.5,170,54,1080.00090365405,54,20040,18000,38040,54,18550,1082.5,717.5,1200,3962.5,1292.5,272.5,27072.5,0.297247955134142,14.5791997354497,11.5947420634921,13.4713955026455,11.4252645502646,12.1693121693122,15.5877976190476,21.1846891534392,27070,0.332009604728482,0.359069080162542,0.139083856667898,0.113594384927965,0.0562430735131141,27072.5,0.221442423123095,0.278788438452304,0.110536522301228,0.0114507341398098,0.331978945424324,0.0458029365592391,0.0231481481481481,0.841964285714286,0.0973214285714286,0.0607142857142857,0.194108412595808,0.685197155785391,0.110813556191707
55,55,"Tillsonburg",2625,1850,1990,1975,1990,2660,5200,18295,56,42800,3566.66666666667,55,1292.5,1650,507.5,440,230,55,885,1390,375,60,1292.5,117.5,55,3480,0,632.5,560,60,10,55,1148.11517549526,55,2985,2825,5805,55,2787.5,152.5,252.5,95,567.5,247.5,12.5,4115,0.321901451073437,14.348182563542,10.1120524733534,10.8772888767423,10.7952992620935,10.8772888767423,14.5394916643892,28.4230664115879,4120,0.31371359223301,0.400485436893204,0.123179611650485,0.106796116504854,0.0558252427184466,4120,0.214805825242718,0.337378640776699,0.0910194174757282,0.0145631067961165,0.31371359223301,0.0285194174757282,0.0345722875102487,0.885375494071146,0.0948616600790514,0.0158102766798419,0.198055893074119,0.677399756986634,0.121506682867558
56,56,"Timmins",6650,4785,5535,5045,5205,6285,6805,40310,57,42400,3533.33333333333,56,2850,3207.5,1315,1100,470,56,2062.5,2527.5,1047.5,97.5,2850,355,56,8475,112.5,362.5,262.5,55,42.5,56,1116.907352567,56,7385,4570,11950,56,5822.5,630,302.5,525,1225,255,175,8945,0.316105854500094,16.4971471098983,11.8705035971223,13.7310840982387,12.5155048375093,12.9124286777475,15.591664599355,16.881667080129,8942.5,0.318702823595191,0.358680458484764,0.147050601062343,0.12300810735253,0.0525580095051719,8940,0.230704697986577,0.282718120805369,0.117170022371365,0.0109060402684564,0.318791946308725,0.0397091722595078,0.00899280575539568,0.724137931034483,0.151724137931034,0.117241379310345,0.16545556176635,0.650922302962549,0.162940190050307
57,57,"Toronto",963745,772540,929585,854935,841775,814545,965755,6142880,58,59200,4933.33333333333,57,282725,322057.5,195440,193375,137625,57,382040,235672.5,127630,48392.5,282725,54767.5,57,440020,39745,651460,472857.5,116172.5,62432.5,57,1668.13225102422,57,908175,563705,1471880,57,441495,83180,105452.5,44047.5,107675,347365,2012.5,1131227.5,0.338134915748153,15.688813716042,12.5761857630297,15.1327227619618,13.917494725601,13.7032629646029,13.2599855442398,15.7215345245227,1131222.5,0.249928727549178,0.284698633557943,0.1727688407895,0.170943382049066,0.121660416054313,1131227.5,0.337721634242449,0.208333425416196,0.112824343467605,0.0427787514005803,0.249927622869847,0.0484142226033225,0.106051233297737,0.72584272250023,0.178326374604734,0.0958347404291898,0.402253304485614,0.390279585671317,0.205688068933968
58,58,"Trent Hills MU",1720,1150,1245,1265,1510,2615,4110,13610,59,42800,3566.66666666667,58,765,1300,382.5,312.5,187.5,58,632.5,1105,262.5,80,765,105,58,2610,0,342.5,312.5,22.5,5,58,1075.24815733916,58,2335,2320,4655,58,2605,32.5,67.5,47.5,185,5,17.5,2952.5,0.301471445982942,12.6377663482733,8.44966936076414,9.14768552534901,9.29463629684056,11.094783247612,19.2138133725202,30.1983835415136,2947.5,0.259541984732824,0.441051738761662,0.129770992366412,0.106022052586938,0.0636132315521628,2950,0.214406779661017,0.374576271186441,0.0889830508474576,0.0271186440677966,0.259322033898305,0.0355932203389831,0.025165319617928,0.912408759124088,0.0656934306569343,0.0145985401459854,0.0643522438611346,0.882303132938188,0.0499576629974598
59,59,"Wasaga Beach",2900,1880,2120,2400,2550,4250,8495,24585,60,54000,4500,59,1427.5,2412.5,715,540,310,59,1107.5,2127.5,482.5,120,1427.5,137.5,59,4217.5,12.5,1175,1117.5,42.5,15,59,1308.42030011034,59,4720,4515,9235,59,4467.5,130,447.5,72.5,260,0,27.5,5407.5,0.290760066691187,11.7958104535286,7.64693919056335,8.62314419361399,9.76205003050641,10.3721781574131,17.2869635956884,34.5535895871466,5405,0.264107308048104,0.446345975948196,0.132284921369103,0.0999074930619796,0.0573543015726179,5402.5,0.204997686256363,0.393799167052291,0.0893105043961129,0.022211938917168,0.264229523368811,0.025451180009255,0.047793369941021,0.951063829787234,0.0361702127659574,0.0127659574468085,0.048081368469718,0.826167360147943,0.120203421174295
60,60,"West Grey MU",2070,1315,1220,1315,1550,2315,3205,12995,61,38800,3233.33333333333,60,627.5,1107.5,377.5,297.5,235,60,725,972.5,177.5,57.5,627.5,75,60,2350,0,292.5,265,25,5,60,1015.38870944061,60,2090,2085,4170,60,2320,35,55,22.5,145,0,65,2642.5,0.314037745187818,15.929203539823,10.1192766448634,9.38822624086187,10.1192766448634,11.9276644863409,17.8145440554059,24.6633320507888,2645,0.237240075614367,0.418714555765595,0.142722117202268,0.112476370510397,0.0888468809073724,2635,0.275142314990512,0.369070208728653,0.0673624288425047,0.0218216318785579,0.238140417457305,0.0284629981024668,0.0225086571758369,0.905982905982906,0.0854700854700855,0.0170940170940171,0.054872280037843,0.877956480605487,0.0425733207190161
61,61,"West Nipissing / Nipissing Ouest M",2085,1315,1270,1470,1830,2645,3645,14255,62,37200,3100,61,955,1320,420,340,165,61,680,1105,335,27.5,955,102.5,61,3125,0,80,65,5,7.5,61,1047.40754740755,61,2420,1865,4290,61,2375,110,45,175,452.5,0,47.5,3205,0.337873402389532,14.6264468607506,9.22483339179235,8.90915468256752,10.3121711680112,12.8376008418099,18.554893019993,25.5699754472115,3200,0.2984375,0.4125,0.13125,0.10625,0.0515625,3205,0.21216848673947,0.344773790951638,0.104524180967239,0.00858034321372855,0.297971918876755,0.03198127925117,0.00561206594177482,0.8125,0.0625,0.09375,0.141185647425897,0.741029641185647,0.102964118564743
62,62,"Windsor",68735,52960,52365,48850,54920,60425,77255,415505,63,45200,3766.66666666667,62,23242.5,27560,12322.5,11557.5,8160,62,23870,21330,9735,1632.5,23242.5,3032.5,62,59192.5,1380,22262.5,16605,3545,2112.5,62,1157.23879708427,62,68150,50975,119125,62,57682.5,3790,4667.5,2275,6930,7055,432.5,82837.5,0.307231539048921,16.5425205472858,12.7459356686442,12.6027364291645,11.7567778967762,13.2176508104596,14.5425446143849,18.5930373882384,82842.5,0.280562513202764,0.332679482149863,0.148746114615083,0.139511724054682,0.0985001659776081,82842.5,0.288137127682047,0.257476536801762,0.117512146543139,0.0197060687449075,0.280562513202764,0.0366056070253795,0.0535793793095149,0.745873104997193,0.159236384053902,0.0948905109489051,0.168824505809567,0.696333182435491,0.129560887279312
63,63,"Woodstock",8225,4935,6405,6340,5315,6160,8565,45950,64,50000,4166.66666666667,63,2647.5,3292.5,1447.5,1285,767.5,63,2625,2622.5,1055,192.5,2647.5,297.5,63,7715,42.5,1690,1240,302.5,147.5,63,1326.84015472089,63,8045,4245,12290,63,5427.5,715,1097.5,210,1140,840,17.5,9442.5,0.318441637133014,17.8998911860718,10.7399347116431,13.9390642002176,13.79760609358,11.5669205658324,13.4058759521219,18.6398258977149,9440,0.280455508474576,0.348781779661017,0.15333686440678,0.136122881355932,0.0813029661016949,9440,0.278072033898305,0.277807203389831,0.111758474576271,0.0203919491525424,0.280455508474576,0.0315148305084746,0.0367791077257889,0.733727810650888,0.178994082840237,0.0872781065088757,0.209690230341541,0.57479481069632,0.214191157002912
