"Affordability_Ratio","Houhold_Mon_Inco","Estimated_Monthly_Shelter_Cost","Pct_0_14","Pct_15_24","Pct_25_34","Pct_35_44","Pct_45_54","Pct_55_64","Pct_65_Plus","Share_One_Person","Share_Two_Person","Share_Three_Person","Share_Four_Person","Share_FivePlus_Person","Share_Couple_With_Children","Share_Couple_Without_Children","Share_Lone_Parent","Share_Multiple_Family","Share_One_Person_Household","Share_Other_Non_Family","Share_Immigrant","Share_Pre2006","Share_2006_2015","Share_Recent_Immigrant","Apartment_Share","Detached_Share","Missing_Middle_Share"
0.332606103871264,4833.33333333333,1607.59616871111,17.1992101068259,12.5455021293807,13.6946539458971,13.4829054745307,13.4710094929933,14.2014227593919,15.402916894673,0.220715558950853,0.323338426279603,0.176661573720397,0.172077922077922,0.107206518971225,0.323827105480935,0.255649627602012,0.124196320580559,0.0311286523648864,0.220701508689286,0.0444967852823222,0.0386738359782066,0.763457397723777,0.161796370347585,0.073823438941864,0.144257703081232,0.679971988795518,0.174242424242424
0.302796087212134,3866.66666666667,1170.81153722025,15.7894736842105,10.2745995423341,12.3478260869565,11.8443935926773,11.5514874141876,16.324942791762,21.862700228833,0.277212724518502,0.385522614152781,0.146721488855226,0.116208612854361,0.0743345596191301,0.241207661508495,0.309598528297803,0.109187317389893,0.0200194784114273,0.277242722649064,0.0427442917433178,0.0211899313501144,0.83585313174946,0.103671706263499,0.0615550755939525,0.19452558693065,0.687871903061776,0.106242561938764
0.337655009636121,3800,1283.08903661726,13.7488815985684,9.39457202505219,10.4384133611691,10.9454220101402,11.6611989263346,17.3874142558902,26.4240978228452,0.278699861687414,0.401106500691563,0.134163208852006,0.123789764868603,0.0622406639004149,0.247229916897507,0.338642659279778,0.0893351800554017,0.0166204986149584,0.279085872576177,0.0290858725761773,0.0204294661497167,0.941605839416058,0.0145985401459854,0.0291970802919708,0.112569060773481,0.755524861878453,0.119475138121547
0.32856243853777,4000,1314.24975415108,17.3707762235298,11.5957859131109,12.8712871287129,12.9946090694479,12.4837038864029,14.2313519608189,18.4524858179768,0.256785714285714,0.343035714285714,0.160357142857143,0.143839285714286,0.0959821428571429,0.292957243595465,0.269035079889315,0.121931625457467,0.0254396143890029,0.256716950816746,0.0339194858520039,0.0344068214650647,0.799795186891961,0.139272913466462,0.0604198668714798,0.170982142857143,0.657767857142857,0.168571428571429
0.322146366146956,3600,1159.72691812904,11.831230969987,8.78642888212266,7.8294910830796,8.74293170943889,10.3958242714224,18.6602870813397,33.7103088299261,0.244510978043912,0.475049900199601,0.119760479041916,0.101796407185629,0.0588822355289421,0.211576846307385,0.42814371257485,0.0728542914171657,0.0199600798403194,0.244510978043912,0.0229540918163673,0.0365376250543715,0.93452380952381,0.0476190476190476,0.0119047619047619,0.0488534396809571,0.879361914257228,0.0578265204386839
0.302573422789631,4433.33333333333,1341.40884103403,17.2694026818367,8.98008939455506,13.0028443722064,12.7184071515644,10.8086143843966,16.4160910199106,20.8451848841934,0.231974921630094,0.369905956112853,0.153605015673981,0.146290491118077,0.0982236154649948,0.298538622129436,0.316283924843424,0.0939457202505219,0.0334029227557411,0.231732776617954,0.0260960334029228,0.0209264526615197,0.902912621359223,0.0776699029126214,0,0.0856844305120167,0.867293625914316,0.0470219435736677
0.302772014120746,3466.66666666667,1049.60964895192,12.7752590673575,10.2007772020725,10.330310880829,9.90932642487047,11.949481865285,17.5518134715026,27.315414507772,0.337950138504155,0.395429362880886,0.126385041551247,0.0917590027700831,0.0484764542936288,0.183645183645184,0.313236313236313,0.108801108801109,0.0159390159390159,0.338184338184338,0.0401940401940402,0.0249352331606218,0.847402597402597,0.100649350649351,0.0551948051948052,0.254847645429363,0.599722991689751,0.137465373961219
0.3394868871467,4200,1425.84492601614,17.4090389949421,10.5890031000163,11.3558492413118,12.0084842551803,12.3184858867678,14.9290259422418,21.3901125795399,0.226627712854758,0.379799666110184,0.146494156928214,0.15025041736227,0.0968280467445743,0.317175094024237,0.331801086502298,0.0814876723777685,0.0208942749686586,0.226911826159632,0.0217300459674049,0.0281448849730788,0.88695652173913,0.0753623188405797,0.0347826086956522,0.140292275574113,0.725678496868476,0.124425887265136
0.272182525632721,3533.33333333333,961.711590568947,16.2699578803017,11.0441767068273,10.7699089039083,11.2890586737193,11.8131060828681,16.2209814869233,22.6026055441277,0.303352967829633,0.381060262800181,0.133439057544178,0.109764386044404,0.072383325781604,0.239746204396102,0.308633582596873,0.10627690913211,0.0123498753682302,0.303421708588262,0.0295717199184228,0.0235821334116956,0.839044652128764,0.0996884735202492,0.0581516095534787,0.149898028552005,0.76036709721278,0.0837298889644233
0.322067152188305,4000,1288.26860875322,12.8412537917088,8.9737108190091,9.88372093023256,10.2881698685541,10.1617795753286,15.9504550050556,31.9009100101112,0.323110624315444,0.4052573932092,0.12486308871851,0.0952902519167579,0.0514786418400876,0.192771084337349,0.332420591456736,0.111719605695509,0.0136911281489595,0.323110624315444,0.0262869660460022,0.0375379170879676,0.929292929292929,0.0269360269360269,0.037037037037037,0.234939759036145,0.575575027382256,0.18565169769989
0.364425122834279,3966.66666666667,1445.55298724264,13.5736354273944,9.20700308959835,10.4634397528321,10.8341915550978,11.2873326467559,15.7569515962925,28.8568486096807,0.340492170022371,0.374496644295302,0.127069351230425,0.106935123042506,0.051006711409396,0.206171735241503,0.31350626118068,0.0948121645796064,0.0120751341681574,0.340339892665474,0.0330948121645796,0.0363542739443872,0.889518413597734,0.0764872521246459,0.0396600566572238,0.222371364653244,0.56420581655481,0.213422818791946
0.291959009759208,3433.33333333333,1002.39260017328,16.1255230125523,10.092050209205,12.0836820083682,11.0041841004184,11.3054393305439,16.1673640167364,23.2301255230126,0.328171641791045,0.375559701492537,0.131902985074627,0.101305970149254,0.0630597014925373,0.209102779332214,0.292669278119754,0.119007647826898,0.0130572654355531,0.328110427159112,0.0380526021264689,0.0182426778242678,0.763761467889908,0.149082568807339,0.0917431192660551,0.216977611940299,0.574626865671642,0.199067164179104
0.245211451566497,3166.66666666667,776.502929960575,10.467706013363,6.45879732739421,7.79510022271715,8.28507795100223,8.9977728285078,18.7527839643653,39.2873051224944,0.398799313893654,0.422813036020583,0.0866209262435678,0.0574614065180103,0.0343053173241852,0.11986301369863,0.339897260273973,0.0958904109589041,0.00513698630136986,0.398116438356164,0.0410958904109589,0.0347438752783964,0.961538461538462,0.032051282051282,0,0.249143835616438,0.450342465753425,0.300513698630137
0.332779770964702,4500,1497.50896934116,15.1882845188285,11.9246861924686,9.7489539748954,11.0041841004184,15.81589958159,18.9121338912134,17.4058577405858,0.151479289940828,0.365680473372781,0.175147928994083,0.189349112426035,0.118343195266272,0.37085308056872,0.321090047393365,0.0864928909952607,0.0462085308056872,0.151658767772512,0.023696682464455,0.0391213389121339,0.941176470588235,0.0481283422459893,0.0106951871657754,0.028436018957346,0.914691943127962,0.023696682464455
0.311760383264622,3700,1153.5134180791,12.3660346248969,8.24402308326463,9.85160758450124,10.3462489694971,11.0469909315746,18.9200329760923,29.1838417147568,0.295454545454545,0.431818181818182,0.128181818181818,0.0909090909090909,0.0536363636363636,0.182727272727273,0.351818181818182,0.101818181818182,0.0236363636363636,0.295454545454545,0.0445454545454545,0.0224649629018961,0.944954128440367,0.055045871559633,0,0.120909090909091,0.784545454545455,0.0563636363636364
0.332385622821869,3566.66666666667,1185.508721398,14.2857142857143,9.3984962406015,10.6203007518797,10.5576441102757,12.218045112782,16.9486215538847,25.9711779448622,0.270545454545455,0.410909090909091,0.138181818181818,0.111272727272727,0.0690909090909091,0.246355685131195,0.340379008746356,0.0969387755102041,0.0123906705539359,0.271137026239067,0.032798833819242,0.0155075187969925,0.909090909090909,0.0404040404040404,0.0505050505050505,0.171033478893741,0.736535662299854,0.0887918486171761
0.306717463505426,3866.66666666667,1185.97419222098,15.6932346975301,11.6573201288629,12.7580241021358,12.3702422145329,12.7520582269419,15.3352821858967,19.4338384440997,0.306894905544568,0.365068539862238,0.14744595239719,0.123780945236309,0.0568096569596945,0.241800204568701,0.284077736106376,0.111148994203887,0.0135015342652574,0.306853051483123,0.042618479372656,0.016137692399475,0.756007393715342,0.143253234750462,0.099815157116451,0.230360065466448,0.613338788870704,0.14614020731042
0.321741179465724,4666.66666666667,1501.45883750671,16.4541089396581,13.1296449215524,14.6282533565771,13.4691256078539,13.0715356148882,13.1724623054103,16.07486925406,0.256056711069565,0.332476435304199,0.159772532523175,0.159772532523175,0.0919217885798863,0.306014334683702,0.261530071673419,0.0966033032097227,0.0240729199127454,0.25607665939545,0.0557027111249611,0.0515184879346729,0.722469575541704,0.170080142475512,0.106856634016028,0.225494779491974,0.534907277544024,0.238195418419822
0.335618310874583,3733.33333333333,1252.97502726511,17.7597034901678,10.7793678575106,11.870688767631,11.7059610830845,11.9118706887676,16.1639040461238,19.8085040667147,0.226228632478632,0.370192307692308,0.154113247863248,0.143429487179487,0.106036324786325,0.314285714285714,0.318291054739653,0.0897196261682243,0.0264352469959947,0.226168224299065,0.0251001335113485,0.0225471018223,0.867579908675799,0.105022831050228,0.0296803652968037,0.0678600053433075,0.843975420785466,0.0844242586160834
0.339629264833235,4233.33333333333,1437.76388779403,16.2481899048407,11.855476830782,13.4819766239139,13.1833109226314,13.0003620190319,13.9855709557302,18.2457592056268,0.270967532045026,0.326241134751773,0.159005140217321,0.153718524302167,0.090067668683714,0.303430551263074,0.25014232965174,0.114156513818176,0.0236185890658295,0.270963124420515,0.0376888917806659,0.0611294993793959,0.775010575296108,0.144088409475465,0.0809538917089679,0.244729650595354,0.550491248617347,0.202404190253107
0.297153546447963,3033.33333333333,901.365757558822,12.7577319587629,8.80584192439863,9.66494845360825,9.70790378006873,12.2852233676976,17.3539518900344,29.4243986254296,0.419246861924686,0.364016736401674,0.117991631799163,0.0635983263598326,0.0351464435146444,0.138190954773869,0.275544388609715,0.124790619765494,0.00586264656616415,0.419597989949749,0.0360134003350084,0.0131013745704467,0.672131147540984,0.19672131147541,0.0983606557377049,0.288220551378446,0.375104427736007,0.326649958228906
0.333338526406514,3633.33333333333,1211.129979277,13.7964302942595,9.45489628557646,11.119150988905,11.2397491558128,12.1562952243126,18.3309213699952,23.9025566811384,0.264889393079977,0.406693136698809,0.142938173567782,0.120249574588769,0.0652297220646625,0.241203178206583,0.345062429057889,0.0874006810442679,0.0227014755959137,0.265039727582293,0.0385925085130533,0.0206222865412446,0.865497076023392,0.111111111111111,0.0233918128654971,0.123015873015873,0.79875283446712,0.0634920634920635
0.314422544975602,4000,1257.69017990241,18.4569952011812,11.2956810631229,12.7722406792174,13.141380583241,12.9937246216316,14.9501661129568,16.3898117386489,0.251371115173675,0.362888482632541,0.161791590493601,0.140767824497258,0.083180987202925,0.297445255474453,0.293795620437956,0.112226277372263,0.0164233576642336,0.250912408759124,0.0291970802919708,0.0208564045773348,0.858407079646018,0.0884955752212389,0.0530973451327434,0.126258005489478,0.712717291857274,0.160109789569991
0.338928875021768,3533.33333333333,1197.54869174358,13.6345979541629,8.99909361647028,10.4104622556002,10.2356597177263,11.1161465751651,18.0823514178428,27.5281626311019,0.256457282592083,0.419226654439859,0.139996943298181,0.114779153293596,0.06953996637628,0.23731662591687,0.363080684596577,0.0872555012224939,0.0249083129584352,0.256418092909535,0.031020782396088,0.0213323837886832,0.934749620637329,0.0576631259484067,0.00758725341426404,0.0902002751872802,0.837792386485247,0.0631401926310962
0.297023565884423,4000,1188.09426353769,15.6741957563313,9.95893223819302,13.5523613963039,11.4647501711157,12.6967830253251,16.0164271047228,20.6365503080082,0.327692307692308,0.359230769230769,0.139230769230769,0.116923076923077,0.0569230769230769,0.226574500768049,0.292626728110599,0.1036866359447,0.0153609831029186,0.327188940092166,0.0345622119815668,0.0124914442162902,0.794520547945205,0.136986301369863,0.0547945205479452,0.135944700460829,0.770353302611367,0.0775729646697389
0.323601524923452,3966.66666666667,1283.61938219636,17.7860696517413,8.95522388059701,11.318407960199,13.18407960199,10.0331674958541,16.0033167495854,22.7197346600332,0.293320425943853,0.386253630203291,0.121974830590513,0.126815101645692,0.0716360116166505,0.262851600387973,0.335596508244423,0.0746847720659554,0.0135790494665373,0.293889427740058,0.0193986420950533,0.0271558872305141,0.847328244274809,0.106870229007634,0.0381679389312977,0.0804263565891473,0.801356589147287,0.106589147286822
0.331377806685947,4066.66666666667,1347.60308052285,14.7612672913878,12.3575784619961,13.7468392086866,12.1225643313997,11.697159006396,14.5203034359661,20.7913134017552,0.301775147928994,0.376385771611236,0.142351900972591,0.119839488539754,0.0596476909474257,0.234321860971296,0.293837573119303,0.0976737858794722,0.0136716093048565,0.301795674057951,0.0586994966671201,0.0307600773464227,0.7857833655706,0.132978723404255,0.0807543520309478,0.269641520984967,0.566696143119516,0.157812393714713
0.319773673266611,4533.33333333333,1449.64065214197,17.3334037478106,13.3417830705993,15.4771020921902,13.7044176282644,12.7450203761893,12.5012102488272,14.8961826551539,0.248002921440635,0.329438079152782,0.162938786689186,0.16049664490802,0.099123567809376,0.315073495845887,0.256002921573998,0.103305030585228,0.0234638911713686,0.24801424267324,0.0541404181502785,0.0582591780870147,0.692778365311981,0.178199123734703,0.129173591176915,0.263312866631668,0.529775627125608,0.204377895962201
0.291834748605324,3400,992.238145258103,12.5595495885665,8.3152880034647,8.18536162841057,8.35859679514942,10.3508012126462,20.0519705500217,32.1351234300563,0.285579641847314,0.466540999057493,0.104618284637135,0.0867106503298775,0.056550424128181,0.188323917137476,0.422787193973635,0.0687382297551789,0.0112994350282486,0.285310734463277,0.0235404896421846,0.0259852750108272,0.941666666666667,0.0333333333333333,0,0.0848256361922714,0.838831291234684,0.0499528746465598
0.326118343754705,3933.33333333333,1282.73215210184,16.722348725223,12.6367165627683,14.3622382321102,12.9194818768898,12.1346448169025,13.5251409160476,17.6975624323416,0.293684897298027,0.343809759499651,0.147989831042318,0.132781389907534,0.0817341222524691,0.269467005647175,0.260580016649043,0.109073728260625,0.0148941435867438,0.293698112358539,0.0522869934978739,0.0503518235096495,0.710499490316004,0.175145954962469,0.114169215086646,0.273668106551476,0.55003599712023,0.172426205903528
0.32107940807306,3500,1123.77792825571,13.3893062306673,7.68890852850199,9.05877154220062,10.0309323906319,10.5612019443217,17.9407865665046,31.2859036676977,0.279046673286991,0.439920556107249,0.123138033763654,0.107249255213505,0.0506454816285998,0.218470705064548,0.400198609731877,0.0655412115193644,0.015888778550149,0.279046673286991,0.0208540218470705,0.0280600972160848,0.913385826771654,0.062992125984252,0.015748031496063,0.100297914597815,0.81330685203575,0.0854021847070506
0.340660882123624,3400,1158.24699922032,13.1993172766926,9.06504835956761,11.549402617106,10.2977432201783,11.3787217902522,17.4853024843543,27.005499715532,0.306976744186047,0.390274841437632,0.145454545454545,0.106976744186047,0.0503171247357294,0.204737732656514,0.305414551607445,0.118020304568528,0.022419627749577,0.307106598984772,0.0423011844331641,0.0221885074909918,0.88034188034188,0.094017094017094,0.0256410256410256,0.182241014799154,0.660042283298097,0.149260042283298
0.290270019145129,3800,1103.02607275149,15.4699886749717,9.90562476406191,10.5473763684409,10.562476406191,11.3325783314458,16.8969422423556,25.2925632314081,0.267306995288148,0.404494382022472,0.132294309532439,0.118702428416093,0.0772018847408481,0.254347826086956,0.344565217391304,0.0869565217391304,0.0201086956521739,0.267210144927536,0.0268115942028985,0.0280483201208003,0.893674293405114,0.0834454912516824,0.0242261103633917,0.0824424714622214,0.826599021561877,0.0837108171770248
0.323296748889255,3533.33333333333,1142.3151794087,14.7915924474528,10.9796936230851,12.1410758817243,11.8631991449947,12.0769504809405,16.6441040256502,21.5033843961525,0.306989419685797,0.384899006091696,0.139788393715935,0.113497915998718,0.0548252645078551,0.220939554272888,0.303831970498637,0.107744107744108,0.0136283469616803,0.307038640371974,0.0468173801507135,0.0121125757035981,0.832352941176471,0.120588235294118,0.0529411764705882,0.205226871893539,0.594676928010261,0.192079525412859
0.303988047839753,3966.66666666667,1205.81925643102,21.3173264114212,11.2589227774173,14.1791044776119,12.2323166774822,10.0908500973394,12.8163530175211,18.105126541207,0.250838926174497,0.36996644295302,0.133389261744966,0.133389261744966,0.11241610738255,0.319059613769941,0.321578505457599,0.0713685978169605,0.0100755667506297,0.251049538203191,0.0268681780016793,0.0256327060350422,0.70253164556962,0.215189873417722,0.0949367088607595,0.160369437447523,0.702770780856423,0.115029387069689
0.343131227654461,3800,1303.89866508695,14.3941741555624,10.226216299969,13.6814378679888,11.2178493957236,11.0629067245119,15.2773473814689,24.1555624418965,0.331945889698231,0.361429066944155,0.143253555324315,0.100589663544918,0.0627818244883802,0.197505197505198,0.26957726957727,0.128551628551629,0.0232155232155232,0.331600831600832,0.0495495495495495,0.0258754260923458,0.856287425149701,0.101796407185629,0.0419161676646707,0.255201109570042,0.556865464632455,0.174063800277393
0.35058284279022,4500,1577.62279255599,18.6616594353496,12.0538155831845,13.1281826910222,14.1004606166673,13.3724675198405,13.4879255235109,15.195488630425,0.210204971652857,0.304773726055889,0.181656546680533,0.185849911100674,0.117514844510047,0.356984702093398,0.23154857756307,0.129596081588835,0.0357286634460547,0.210212023617821,0.0359299516908213,0.0511782793111411,0.76193303253384,0.157088577535027,0.0807409166468772,0.151694062395169,0.652264340825226,0.194163032539416
0.312816007710355,4766.66666666667,1491.08963675269,16.7362106017192,12.6911712034384,13.956840974212,13.3470630372493,13.2091690544413,13.6850823782235,16.3740150429799,0.278793156664756,0.339102253185767,0.151979805106045,0.14599409145024,0.0841306935931919,0.291358460198648,0.263622634021585,0.098894315037536,0.0156647889497646,0.278802376726599,0.0516574250658671,0.0554038323782235,0.694343434343434,0.184161616161616,0.121454545454545,0.274860827867497,0.450884638703632,0.270451413768396
0.335533360241533,3233.33333333333,1084.89119811429,14.6219014747411,9.94665829934107,11.327267022278,11.2802008158142,10.9978035770317,16.5673046752432,25.2902416065265,0.323835997220292,0.38498957609451,0.127519110493398,0.105628908964559,0.0580264072272411,0.215699895797152,0.317471344216742,0.100382077110108,0.0121569989579715,0.323723515109413,0.0305661688086141,0.019140257295262,0.852459016393443,0.0737704918032787,0.0655737704918033,0.2429614181439,0.641988182134168,0.101494612443518
0.314298740722103,3400,1068.61571845515,15.4429283084254,10.3313840155945,12.6055880441845,11.8042018626814,11.3926792289365,16.2009963179554,22.2005631362357,0.314480741101901,0.374939054119941,0.145294978059483,0.103851779619698,0.0614334470989761,0.221247563352826,0.299707602339181,0.116959064327485,0.0121832358674464,0.314327485380117,0.0355750487329435,0.0116959064327485,0.861111111111111,0.0833333333333333,0.0555555555555556,0.179824561403509,0.705653021442495,0.110136452241715
0.193830835019551,6208.33333333333,1203.36643407971,22.6944203527031,10.8701936976005,21.7692974848222,15.4958080370049,10.0028910089621,9.30904885805146,9.9161607400983,0.23019985196151,0.349370836417469,0.170984455958549,0.168763878608438,0.080680977054034,0.346153846153846,0.277366863905325,0.0806213017751479,0.0103550295857988,0.230029585798817,0.0554733727810651,0.0135877421220006,0.691489361702128,0.24468085106383,0.0531914893617021,0.0939349112426035,0.70414201183432,0.198224852071006
0.334797770723177,3766.66666666667,1261.0716030573,15.0005952617167,11.2742569149569,12.6552640977817,11.583793007659,11.0202785824834,15.0839319020596,23.3779118218977,0.285004220200694,0.373815999249742,0.145268686110851,0.122479602363312,0.0734314920754009,0.239403600900225,0.30138784696174,0.104651162790698,0.0184733683420855,0.284977494373593,0.0511065266316579,0.0223619984920037,0.841171251109139,0.101153504880213,0.0576752440106477,0.17578088359441,0.6913985554826,0.127567770378013
0.367933335706337,3566.66666666667,1312.29556401927,13.084665482534,9.0882178804026,11.101243339254,11.01243339254,11.6341030195382,17.3179396092362,26.7021906453523,0.269125683060109,0.408469945355191,0.150273224043716,0.114754098360656,0.0573770491803279,0.237021857923497,0.340163934426229,0.105874316939891,0.0191256830601093,0.269125683060109,0.0286885245901639,0.0294552989934873,0.949748743718593,0.0301507537688442,0.0100502512562814,0.168831168831169,0.722488038277512,0.10663021189337
0.291293635610583,4033.33333333333,1174.88433029602,11.7705438666137,7.02659785629218,8.55498213576816,9.90472409686383,10.7979356887654,19.1147280666931,32.8503374354903,0.270962047661077,0.463371579876434,0.120476610767873,0.0948808473080318,0.0503089143865843,0.203352448169387,0.419056021173357,0.0644022937803264,0.0149977944419938,0.270842523158359,0.027348919276577,0.027094084954347,0.93040293040293,0.0366300366300366,0.032967032967033,0.0706090026478376,0.859223300970874,0.0547219770520741
0.290074191709971,3800,1102.28192849789,15.4073843277769,10.3546762216337,12.3072129615205,11.5282754323103,11.3517162590227,15.5475930830347,23.4979487978397,0.309857496172418,0.379813920621835,0.134495348015546,0.115298551407373,0.0605346837828289,0.234809232218559,0.310527555346208,0.101036269430052,0.00883184173339614,0.309821008007536,0.0349740932642487,0.0284571844004777,0.874087591240876,0.083029197080292,0.0447080291970803,0.169355788481922,0.726769520668944,0.100812625132493
0.326600440013653,4066.66666666667,1328.17512272219,16.1764705882353,7.76854219948849,12.7877237851662,12.4360613810742,9.68670076726343,15.920716112532,25.2557544757033,0.289949385394071,0.408532176428055,0.124367317425886,0.120751988430947,0.0563991323210412,0.249818971759594,0.360608254887762,0.0702389572773353,0.00724112961622013,0.290369297610427,0.0217233888486604,0.0297314578005115,0.795698924731183,0.112903225806452,0.0806451612903226,0.117306299782766,0.748008689355539,0.123823316437364
0.302315352589146,3300,997.640663544183,14.6247679660567,10.6072659771944,11.7608061522143,11.4226995491912,11.6547334924423,16.2092283214002,23.7271280827367,0.333333333333333,0.367352898233319,0.142794568550153,0.10994305738064,0.0465761425025551,0.217518248175182,0.283941605839416,0.119124087591241,0.00978102189781022,0.333284671532847,0.0363503649635036,0.0228387695571466,0.896952104499274,0.0667634252539913,0.0377358490566038,0.204757734967893,0.666666666666667,0.122737886748395
0.321962054212759,4400,1416.63303853614,14.1917293233083,10.8787593984962,10.0093984962406,10.9962406015038,12.0770676691729,18.3270676691729,23.5432330827068,0.194663432383263,0.395997574287447,0.164342025469982,0.158884172225591,0.0861127956337174,0.312082574377656,0.345476624165149,0.0868245294474803,0.0321797207043109,0.194899817850638,0.0285367334547662,0.0266682330827068,0.916299559471366,0.052863436123348,0.039647577092511,0.0594299575500303,0.893875075803517,0.0436628259551243
0.277380485893417,3600,998.569749216301,15.1736745886654,8.6837294332724,10.146252285192,9.46069469835466,12.1572212065814,17.7787934186472,26.691042047532,0.259656652360515,0.430257510729614,0.127682403433476,0.107296137339056,0.0751072961373391,0.229367631296892,0.371918542336549,0.0921757770632369,0.0203644158628081,0.259378349410504,0.0267952840300107,0.0162248628884826,0.873239436619718,0.0845070422535211,0.0422535211267606,0.0590762620837809,0.801288936627283,0.123523093447905
0.278039630627164,3766.66666666667,1047.28260869565,15.3729071537291,9.03094875697616,10.7559614408929,10.4515474378488,9.9949264332826,15.9309994926433,28.4119736174531,0.306004618937644,0.406466512702079,0.113163972286374,0.105080831408776,0.069284064665127,0.228373702422145,0.357554786620531,0.0795847750865052,0.00922722029988466,0.305651672433679,0.0196078431372549,0.0225773718924404,0.943820224719101,0.0224719101123595,0.0224719101123595,0.0968858131487889,0.782006920415225,0.107266435986159
0.330112522492893,3766.66666666667,1243.42383472323,14.7398232584375,11.1156811130958,12.2590956096644,11.341308639654,12.2931747673216,15.5048415906741,22.7448998777851,0.287172906321486,0.365424315125816,0.149333258941026,0.123584221391508,0.074485298220164,0.250802064444134,0.288324731482773,0.113488631608314,0.0195285255963175,0.287180917840703,0.0406751290277584,0.0465944345210116,0.819041614123581,0.116393442622951,0.0645649432534678,0.175371052337909,0.659496707956701,0.160473161477514
0.320617266169633,3766.66666666667,1207.65836923895,14.6529167307988,10.2816684623672,12.0978913344621,12.2672002462675,12.2210250885024,15.7457287979067,22.7181776204402,0.333785157573704,0.370382921043714,0.133175194849204,0.108776685869197,0.0538800406641816,0.219925449000339,0.297187394103694,0.10674347678753,0.00982717722805829,0.333785157573704,0.0325313453066757,0.0293981837771279,0.856020942408377,0.0916230366492147,0.049738219895288,0.255427408412483,0.529172320217096,0.213025780189959
0.299043104467332,4400,1315.78965965626,18.3960471303687,10.1482326111745,14.0250855188141,13.0368681109844,13.4929684530597,16.1155454199924,14.8232611174458,0.203323558162268,0.38514173998045,0.163245356793744,0.163245356793744,0.0850439882697947,0.335616438356164,0.344422700587084,0.0753424657534247,0.0146771037181996,0.203522504892368,0.0264187866927593,0.0102622576966933,0.814814814814815,0.0925925925925926,0.037037037037037,0.0803134182174339,0.829578844270323,0.0861900097943193
0.297247955134142,3633.33333333333,1080.00090365405,14.5791997354497,11.5947420634921,13.4713955026455,11.4252645502646,12.1693121693122,15.5877976190476,21.1846891534392,0.332009604728482,0.359069080162542,0.139083856667898,0.113594384927965,0.0562430735131141,0.221442423123095,0.278788438452304,0.110536522301228,0.0114507341398098,0.331978945424324,0.0458029365592391,0.0231481481481481,0.841964285714286,0.0973214285714286,0.0607142857142857,0.194108412595808,0.685197155785391,0.110813556191707
0.321901451073437,3566.66666666667,1148.11517549526,14.348182563542,10.1120524733534,10.8772888767423,10.7952992620935,10.8772888767423,14.5394916643892,28.4230664115879,0.31371359223301,0.400485436893204,0.123179611650485,0.106796116504854,0.0558252427184466,0.214805825242718,0.337378640776699,0.0910194174757282,0.0145631067961165,0.31371359223301,0.0285194174757282,0.0345722875102487,0.885375494071146,0.0948616600790514,0.0158102766798419,0.198055893074119,0.677399756986634,0.121506682867558
0.316105854500094,3533.33333333333,1116.907352567,16.4971471098983,11.8705035971223,13.7310840982387,12.5155048375093,12.9124286777475,15.591664599355,16.881667080129,0.318702823595191,0.358680458484764,0.147050601062343,0.12300810735253,0.0525580095051719,0.230704697986577,0.282718120805369,0.117170022371365,0.0109060402684564,0.318791946308725,0.0397091722595078,0.00899280575539568,0.724137931034483,0.151724137931034,0.117241379310345,0.16545556176635,0.650922302962549,0.162940190050307
0.338134915748153,4933.33333333333,1668.13225102422,15.688813716042,12.5761857630297,15.1327227619618,13.917494725601,13.7032629646029,13.2599855442398,15.7215345245227,0.249928727549178,0.284698633557943,0.1727688407895,0.170943382049066,0.121660416054313,0.337721634242449,0.208333425416196,0.112824343467605,0.0427787514005803,0.249927622869847,0.0484142226033225,0.106051233297737,0.72584272250023,0.178326374604734,0.0958347404291898,0.402253304485614,0.390279585671317,0.205688068933968
0.301471445982942,3566.66666666667,1075.24815733916,12.6377663482733,8.44966936076414,9.14768552534901,9.29463629684056,11.094783247612,19.2138133725202,30.1983835415136,0.259541984732824,0.441051738761662,0.129770992366412,0.106022052586938,0.0636132315521628,0.214406779661017,0.374576271186441,0.0889830508474576,0.0271186440677966,0.259322033898305,0.0355932203389831,0.025165319617928,0.912408759124088,0.0656934306569343,0.0145985401459854,0.0643522438611346,0.882303132938188,0.0499576629974598
0.290760066691187,4500,1308.42030011034,11.7958104535286,7.64693919056335,8.62314419361399,9.76205003050641,10.3721781574131,17.2869635956884,34.5535895871466,0.264107308048104,0.446345975948196,0.132284921369103,0.0999074930619796,0.0573543015726179,0.204997686256363,0.393799167052291,0.0893105043961129,0.022211938917168,0.264229523368811,0.025451180009255,0.047793369941021,0.951063829787234,0.0361702127659574,0.0127659574468085,0.048081368469718,0.826167360147943,0.120203421174295
0.314037745187818,3233.33333333333,1015.38870944061,15.929203539823,10.1192766448634,9.38822624086187,10.1192766448634,11.9276644863409,17.8145440554059,24.6633320507888,0.237240075614367,0.418714555765595,0.142722117202268,0.112476370510397,0.0888468809073724,0.275142314990512,0.369070208728653,0.0673624288425047,0.0218216318785579,0.238140417457305,0.0284629981024668,0.0225086571758369,0.905982905982906,0.0854700854700855,0.0170940170940171,0.054872280037843,0.877956480605487,0.0425733207190161
0.337873402389532,3100,1047.40754740755,14.6264468607506,9.22483339179235,8.90915468256752,10.3121711680112,12.8376008418099,18.554893019993,25.5699754472115,0.2984375,0.4125,0.13125,0.10625,0.0515625,0.21216848673947,0.344773790951638,0.104524180967239,0.00858034321372855,0.297971918876755,0.03198127925117,0.00561206594177482,0.8125,0.0625,0.09375,0.141185647425897,0.741029641185647,0.102964118564743
0.307231539048921,3766.66666666667,1157.23879708427,16.5425205472858,12.7459356686442,12.6027364291645,11.7567778967762,13.2176508104596,14.5425446143849,18.5930373882384,0.280562513202764,0.332679482149863,0.148746114615083,0.139511724054682,0.0985001659776081,0.288137127682047,0.257476536801762,0.117512146543139,0.0197060687449075,0.280562513202764,0.0366056070253795,0.0535793793095149,0.745873104997193,0.159236384053902,0.0948905109489051,0.168824505809567,0.696333182435491,0.129560887279312
0.318441637133014,4166.66666666667,1326.84015472089,17.8998911860718,10.7399347116431,13.9390642002176,13.79760609358,11.5669205658324,13.4058759521219,18.6398258977149,0.280455508474576,0.348781779661017,0.15333686440678,0.136122881355932,0.0813029661016949,0.278072033898305,0.277807203389831,0.111758474576271,0.0203919491525424,0.280455508474576,0.0315148305084746,0.0367791077257889,0.733727810650888,0.178994082840237,0.0872781065088757,0.209690230341541,0.57479481069632,0.214191157002912
