Ontario — Historical Starts by Dwelling Type (In Census Metropolitan Areas),,,,,
January 1990 to July 2026 Intended Markets - All,,,,,
,Single,Semi-Detached,Row,Apartment,All
Jan-90,"1,946",102,746,"2,272","5,066"
Feb-90,"1,088",70,437,950,"2,545"
Mar-90,"1,277",69,589,"1,997","3,932"
Apr-90,"1,972",110,502,"1,522","4,106"
May-90,"2,180",137,836,"1,965","5,118"
Jun-90,"1,775",162,591,"1,144","3,672"
Jul-90,"1,576",169,396,"2,245","4,386"
Aug-90,923,94,445,912,"2,374"
Sep-90,"1,521",169,792,596,"3,078"
Oct-90,"1,225",104,599,401,"2,329"
Nov-90,"1,110",99,506,745,"2,460"
Dec-90,820,59,218,655,"1,752"
Jan-91,499,22,216,"1,217","1,954"
Feb-91,320,44,412,562,"1,338"
Mar-91,615,45,287,244,"1,191"
Apr-91,"1,098",66,546,759,"2,469"
May-91,"1,691",93,727,569,"3,080"
Jun-91,"2,373",72,"1,034","1,168","4,647"
Jul-91,"2,531",160,581,"1,682","4,954"
Aug-91,"2,173",146,673,"1,662","4,654"
Sep-91,"1,603",164,907,"1,751","4,425"
Oct-91,"1,605",107,"1,034",598,"3,344"
Nov-91,"1,434",98,952,975,"3,459"
Dec-91,"1,018",64,712,592,"2,386"
Jan-92,848,50,636,310,"1,844"
Feb-92,691,55,406,"1,517","2,669"
Mar-92,771,111,528,"1,301","2,711"
Apr-92,"1,716",262,781,"1,803","4,562"
May-92,"1,928",198,808,"1,508","4,442"
Jun-92,"1,964",166,671,609,"3,410"
Jul-92,"2,047",302,522,"2,123","4,994"
Aug-92,"1,722",114,469,810,"3,115"
Sep-92,"1,600",122,713,"1,061","3,496"
Oct-92,"1,600",120,640,408,"2,768"
Nov-92,"1,831",252,493,987,"3,563"
Dec-92,"1,389",182,284,681,"2,536"
Jan-93,992,152,321,91,"1,556"
Feb-93,894,84,404,200,"1,582"
Mar-93,766,92,344,993,"2,195"
Apr-93,"1,622",214,486,754,"3,076"
May-93,"1,915",113,545,803,"3,376"
Jun-93,"1,626",137,561,93,"2,417"
Jul-93,"1,692",108,597,817,"3,214"
Aug-93,"1,455",138,812,109,"2,514"
Sep-93,"1,420",180,544,675,"2,819"
Oct-93,"1,512",180,528,"1,009","3,229"
Nov-93,"1,363",246,671,"1,470","3,750"
Dec-93,"1,354",178,462,486,"2,480"
Jan-94,929,91,434,220,"1,674"
Feb-94,580,78,268,811,"1,737"
Mar-94,899,114,416,260,"1,689"
Apr-94,"2,042",320,640,519,"3,521"
May-94,"2,347",230,661,358,"3,596"
Jun-94,"2,197",358,549,350,"3,454"
Jul-94,"2,491",287,681,701,"4,160"
Aug-94,"2,131",266,688,281,"3,366"
Sep-94,"2,036",284,666,553,"3,539"
Oct-94,"2,172",312,712,717,"3,913"
Nov-94,"1,771",230,542,506,"3,049"
Dec-94,"1,252",149,222,91,"1,714"
Jan-95,871,64,341,405,"1,681"
Feb-95,751,40,366,530,"1,687"
Mar-95,691,62,316,826,"1,895"
Apr-95,"1,182",278,526,572,"2,558"
May-95,"1,241",192,313,229,"1,975"
Jun-95,"1,564",152,363,572,"2,651"
Jul-95,997,90,495,412,"1,994"
Aug-95,"1,194",159,415,589,"2,357"
Sep-95,"1,245",264,472,621,"2,602"
Oct-95,"1,294",128,400,284,"2,106"
Nov-95,"1,186",196,857,637,"2,876"
Dec-95,"1,135",116,587,764,"2,602"
Jan-96,898,90,243,349,"1,580"
Feb-96,604,52,316,374,"1,346"
Mar-96,857,92,221,271,"1,441"
Apr-96,"1,452",156,447,129,"2,184"
May-96,"2,007",498,612,420,"3,537"
Jun-96,"2,163",402,608,283,"3,456"
Jul-96,"2,199",300,927,14,"3,440"
Aug-96,"1,775",259,918,78,"3,030"
Sep-96,"1,824",196,899,826,"3,745"
Oct-96,"1,844",208,784,322,"3,158"
Nov-96,"1,851",292,892,379,"3,414"
Dec-96,"1,707",278,584,668,"3,237"
Jan-97,"1,078",192,379,563,"2,212"
Feb-97,"1,442",278,411,215,"2,346"
Mar-97,"1,393",242,374,246,"2,255"
Apr-97,"2,282",258,771,804,"4,115"
May-97,"2,859",398,996,28,"4,281"
Jun-97,"2,458",226,691,105,"3,480"
Jul-97,"2,553",262,948,356,"4,119"
Aug-97,"2,724",525,774,345,"4,368"
Sep-97,"2,608",522,783,397,"4,310"
Oct-97,"2,680",252,951,164,"4,047"
Nov-97,"2,219",194,"1,303",135,"3,851"
Dec-97,"1,790",392,637,707,"3,526"
Jan-98,"1,469",174,722,257,"2,622"
Feb-98,"1,348",166,793,152,"2,459"
Mar-98,"1,172",364,603,"1,148","3,287"
Apr-98,"2,367",298,675,848,"4,188"
May-98,"2,551",346,"1,055",369,"4,321"
Jun-98,"2,136",260,739,240,"3,375"
Jul-98,"1,740",162,371,598,"2,871"
Aug-98,"2,208",326,728,664,"3,926"
Sep-98,"2,132",482,935,533,"4,082"
Oct-98,"2,371",490,"1,018",430,"4,309"
Nov-98,"2,172",450,828,384,"3,834"
Dec-98,"2,155",526,669,509,"3,859"
Jan-99,"1,308",478,311,641,"2,738"
Feb-99,"1,435",292,719,557,"3,003"
Mar-99,"1,474",350,627,768,"3,219"
Apr-99,"2,720",614,564,"1,276","5,174"
May-99,"2,954",646,939,"1,435","5,974"
Jun-99,"3,014",630,743,815,"5,202"
Jul-99,"2,965",364,804,484,"4,617"
Aug-99,"2,732",422,745,"1,170","5,069"
Sep-99,"2,687",519,816,765,"4,787"
Oct-99,"2,466",444,845,"1,055","4,810"
Nov-99,"2,439",775,844,"1,242","5,300"
Dec-99,"2,690",474,"1,302",275,"4,741"
Jan-00,"1,843",494,622,167,"3,126"
Feb-00,"1,333",356,480,"2,136","4,305"
Mar-00,"2,110",406,570,"1,052","4,138"
Apr-00,"3,125",816,999,973,"5,913"
May-00,"3,023",478,795,381,"4,677"
Jun-00,"2,939",468,682,375,"4,464"
Jul-00,"3,205",796,"1,060","1,525","6,586"
Aug-00,"2,722",516,838,818,"4,894"
Sep-00,"2,646",726,868,"1,278","5,518"
Oct-00,"2,576",582,"1,051","1,878","6,087"
Nov-00,"2,977",490,"1,141",877,"5,485"
Dec-00,"2,629",602,913,574,"4,718"
Jan-01,"1,887",522,471,"1,307","4,187"
Feb-01,"1,591",490,443,930,"3,454"
Mar-01,"1,973",560,830,988,"4,351"
Apr-01,"2,814",632,851,"1,408","5,705"
May-01,"2,691",570,660,"1,727","5,648"
Jun-01,"2,995",624,989,"1,803","6,411"
Jul-01,"2,500",478,693,617,"4,288"
Aug-01,"2,990",750,"1,076","1,767","6,583"
Sep-01,"2,521",592,596,"1,386","5,095"
Oct-01,"3,086",354,905,"1,082","5,427"
Nov-01,"3,045",550,778,"1,467","5,840"
Dec-01,"2,522",464,826,"1,230","5,042"
Jan-02,"2,044",698,768,"2,144","5,654"
Feb-02,"1,958",440,526,783,"3,707"
Mar-02,"2,515",480,524,"1,293","4,812"
Apr-02,"3,546",530,"1,042","1,008","6,126"
May-02,"4,206",612,"1,069","1,043","6,930"
Jun-02,"4,166",542,"1,130",272,"6,110"
Jul-02,"3,997",726,"1,003","1,392","7,118"
Aug-02,"4,055",508,"1,067","1,086","6,716"
Sep-02,"3,488",378,"1,015",686,"5,567"
Oct-02,"4,149",711,"1,214",883,"6,957"
Nov-02,"3,101",322,775,"2,197","6,395"
Dec-02,"2,905",408,787,548,"4,648"
Jan-03,"1,767",244,731,452,"3,194"
Feb-03,"1,838",360,663,"3,541","6,402"
Mar-03,"1,952",452,503,"1,531","4,438"
Apr-03,"3,375",474,837,"1,166","5,852"
May-03,"3,660",605,988,837,"6,090"
Jun-03,"3,873",586,937,"1,131","6,527"
Jul-03,"3,697",679,"1,082","1,086","6,544"
Aug-03,"3,504",633,"1,262","1,634","7,033"
Sep-03,"3,129",485,"1,197","1,501","6,312"
Oct-03,"3,462",434,"1,178","3,181","8,255"
Nov-03,"3,168",662,"1,209",744,"5,783"
Dec-03,"2,628",346,722,"1,208","4,904"
Jan-04,"1,562",304,548,444,"2,858"
Feb-04,"1,836",262,826,387,"3,311"
Mar-04,"2,336",284,971,"1,652","5,243"
Apr-04,"3,103",414,961,"2,013","6,491"
May-04,"4,072",642,"1,329",964,"7,007"
Jun-04,"3,663",494,943,"1,835","6,935"
Jul-04,"3,895",476,"1,097",624,"6,092"
Aug-04,"3,587",334,889,"3,385","8,195"
Sep-04,"3,117",336,"1,159","1,573","6,185"
Oct-04,"3,244",344,"1,102","2,127","6,817"
Nov-04,"2,847",482,908,"1,489","5,726"
Dec-04,"2,267",266,880,936,"4,349"
Jan-05,"1,457",252,586,471,"2,766"
Feb-05,"1,371",266,923,861,"3,421"
Mar-05,"1,604",142,639,"1,848","4,233"
Apr-05,"2,992",562,773,"1,940","6,267"
May-05,"3,383",450,924,774,"5,531"
Jun-05,"3,421",428,"1,418","2,839","8,106"
Jul-05,"2,837",386,"1,397","3,452","8,072"
Aug-05,"2,549",302,"1,069",973,"4,893"
Sep-05,"2,692",582,753,909,"4,936"
Oct-05,"2,420",259,815,879,"4,373"
Nov-05,"2,363",348,"1,228","2,172","6,111"
Dec-05,"2,320",294,609,"1,773","4,996"
Jan-06,"1,717",270,898,"1,084","3,969"
Feb-06,"1,628",256,787,896,"3,567"
Mar-06,"1,517",240,639,"1,791","4,187"
Apr-06,"2,190",440,833,"1,610","5,073"
May-06,"2,509",458,855,"1,847","5,669"
Jun-06,"2,879",340,"1,064","2,368","6,651"
Jul-06,"2,617",268,940,"2,775","6,600"
Aug-06,"2,432",358,640,"1,417","4,847"
Sep-06,"2,486",256,570,853,"4,165"
Oct-06,"2,524",244,696,"1,882","5,346"
Nov-06,"2,299",439,819,"1,598","5,155"
Dec-06,"1,935",316,895,840,"3,986"
Jan-07,"1,824",386,872,"1,169","4,251"
Feb-07,"1,210",164,523,488,"2,385"
Mar-07,"1,368",226,539,722,"2,855"
Apr-07,"2,248",308,983,989,"4,528"
May-07,"2,849",414,"1,361","1,514","6,138"
Jun-07,"3,053",422,900,"1,070","5,445"
Jul-07,"3,078",256,"1,152","1,441","5,927"
Aug-07,"2,903",320,805,"1,172","5,200"
Sep-07,"2,698",364,861,"2,298","6,221"
Oct-07,"2,551",324,726,"1,787","5,388"
Nov-07,"3,254",426,"1,030","1,436","6,146"
Dec-07,"1,981",190,678,269,"3,118"
Jan-08,"1,671",170,748,"1,407","3,996"
Feb-08,"1,512",136,409,"2,112","4,169"
Mar-08,"1,477",154,626,"2,477","4,734"
Apr-08,"2,270",206,921,"2,678","6,075"
May-08,"2,852",286,"1,057","1,739","5,934"
Jun-08,"2,553",346,"1,107","3,506","7,512"
Jul-08,"2,385",340,"1,074",727,"4,526"
Aug-08,"2,426",268,"1,029","3,670","7,393"
Sep-08,"1,845",320,988,"3,539","6,692"
Oct-08,"2,166",196,927,"3,569","6,858"
Nov-08,"1,669",335,697,"1,740","4,441"
Dec-08,"1,482",280,575,"1,414","3,751"
Jan-09,871,250,384,"1,104","2,609"
Feb-09,613,68,361,931,"1,973"
Mar-09,656,177,422,"2,503","3,758"
Apr-09,964,188,488,880,"2,520"
May-09,"1,428",284,530,"1,161","3,403"
Jun-09,"1,566",228,447,"1,756","3,997"
Jul-09,"1,592",284,555,906,"3,337"
Aug-09,"1,530",186,609,"1,429","3,754"
Sep-09,"1,898",258,580,"1,503","4,239"
Oct-09,"2,090",206,675,"2,671","5,642"
Nov-09,"2,160",364,873,"1,010","4,407"
Dec-09,"2,019",228,780,682,"3,709"
Jan-10,"1,692",194,570,593,"3,049"
Feb-10,"1,459",152,574,"1,654","3,839"
Mar-10,"1,563",112,588,837,"3,100"
Apr-10,"1,918",334,815,"1,663","4,730"
May-10,"2,128",238,998,"2,062","5,426"
Jun-10,"2,160",140,676,"1,354","4,330"
Jul-10,"2,012",196,840,"1,426","4,474"
Aug-10,"1,927",322,"1,106","1,829","5,184"
Sep-10,"1,664",182,807,"1,761","4,414"
Oct-10,"1,677",172,920,723,"3,492"
Nov-10,"2,092",364,940,"3,195","6,591"
Dec-10,"1,658",174,544,744,"3,120"
Jan-11,"1,301",178,243,"1,393","3,115"
Feb-11,"1,118",253,428,"2,067","3,866"
Mar-11,"1,130",122,623,"2,878","4,753"
Apr-11,"1,676",268,707,"3,171","5,822"
May-11,"1,715",182,659,"2,112","4,668"
Jun-11,"2,581",318,885,"2,348","6,132"
Jul-11,"2,092",160,590,"3,215","6,057"
Aug-11,"1,986",234,963,"2,280","5,463"
Sep-11,"1,864",215,639,"2,257","4,975"
Oct-11,"1,955",320,"1,172","2,492","5,939"
Nov-11,"2,313",250,876,"1,085","4,524"
Dec-11,"1,947",252,772,"2,277","5,248"
Jan-12,"1,306",152,931,"3,058","5,447"
Feb-12,"1,097",364,707,"1,910","4,078"
Mar-12,"1,151",224,836,"3,597","5,808"
Apr-12,"1,967",226,829,"4,538","7,560"
May-12,"1,865",244,835,"3,380","6,324"
Jun-12,"1,987",191,834,"2,774","5,786"
Jul-12,"1,904",246,998,"2,852","6,000"
Aug-12,"1,934",420,934,"3,973","7,261"
Sep-12,"1,816",166,961,"2,658","5,601"
Oct-12,"1,863",222,703,"2,541","5,329"
Nov-12,"1,746",334,608,"2,208","4,896"
Dec-12,"1,720",232,684,"3,241","5,877"
Jan-13,999,286,457,932,"2,674"
Feb-13,991,158,307,"2,667","4,123"
Mar-13,"1,044",58,672,"1,694","3,468"
Apr-13,"1,629",289,543,"1,082","3,543"
May-13,"1,896",292,"1,060","2,348","5,596"
Jun-13,"1,898",294,681,"2,096","4,969"
Jul-13,"1,810",266,888,"2,019","4,983"
Aug-13,"1,700",274,"1,105","2,775","5,854"
Sep-13,"1,535",188,492,"2,237","4,452"
Oct-13,"1,648",236,692,"2,963","5,539"
Nov-13,"1,731",306,776,"2,099","4,912"
Dec-13,"1,479",136,619,"1,929","4,163"
Jan-14,"1,070",82,664,"2,026","3,842"
Feb-14,730,60,365,"2,746","3,901"
Mar-14,798,178,502,829,"2,307"
Apr-14,"1,284",238,723,"2,725","4,970"
May-14,"1,957",344,"1,114","2,113","5,528"
Jun-14,"2,067",244,979,"1,387","4,677"
Jul-14,"2,074",287,713,"2,517","5,591"
Aug-14,"1,793",212,932,"1,205","4,142"
Sep-14,"1,624",204,661,"1,385","3,874"
Oct-14,"1,718",202,739,"1,458","4,117"
Nov-14,"1,727",176,889,"1,890","4,682"
Dec-14,"1,417",132,683,"2,086","4,318"
Jan-15,892,100,375,"2,686","4,053"
Feb-15,674,68,331,"1,389","2,462"
Mar-15,681,94,264,"3,346","4,385"
Apr-15,"1,683",201,835,"2,028","4,747"
May-15,"2,201",95,"1,457","3,611","7,364"
Jun-15,"2,228",145,"1,029","1,649","5,051"
Jul-15,"2,184",152,879,"1,101","4,316"
Aug-15,"2,096",284,869,"4,728","7,977"
Sep-15,"1,987",118,703,"4,251","7,059"
Oct-15,"2,147",182,856,"2,810","5,995"
Nov-15,"2,084",138,"1,108","3,774","7,104"
Dec-15,"1,840",164,"1,111",790,"3,905"
Jan-16,"1,120",114,490,"1,642","3,366"
Feb-16,"1,143",60,489,"2,829","4,521"
Mar-16,"1,110",62,752,"3,639","5,563"
Apr-16,"1,454",204,869,"2,028","4,555"
May-16,"2,205",214,"1,003","2,321","5,743"
Jun-16,"2,622",198,912,"3,615","7,347"
Jul-16,"2,320",190,"1,022","2,673","6,205"
Aug-16,"2,094",170,989,"2,549","5,802"
Sep-16,"2,022",194,"1,038","1,787","5,041"
Oct-16,"2,229",214,"1,245","2,962","6,650"
Nov-16,"2,213",100,"1,021","1,055","4,389"
Dec-16,"2,239",90,841,"2,640","5,810"
Jan-17,"1,465",112,783,"3,687","6,047"
Feb-17,"1,510",126,713,"2,135","4,484"
Mar-17,"1,362",210,"1,131","2,548","5,251"
Apr-17,"1,690",195,993,"2,128","5,006"
May-17,"1,723",196,880,"1,416","4,215"
Jun-17,"2,513",230,"1,284","2,480","6,507"
Jul-17,"2,103",250,"1,498","2,534","6,385"
Aug-17,"1,939",152,"1,559","3,901","7,551"
Sep-17,"2,159",368,"1,327","1,952","5,806"
Oct-17,"1,600",234,"1,188","1,502","4,524"
Nov-17,"1,861",188,"1,718","4,064","7,831"
Dec-17,"1,799",152,992,"1,621","4,564"
Jan-18,"1,135",264,494,"3,338","5,231"
Feb-18,"1,053",80,423,"5,302","6,858"
Mar-18,"1,216",106,594,"2,579","4,495"
Apr-18,"1,325",98,722,"2,522","4,667"
May-18,"1,897",146,953,"1,405","4,401"
Jun-18,"1,888",184,"1,173","5,333","8,578"
Jul-18,"1,650",174,746,"2,848","5,418"
Aug-18,"1,499",108,953,"2,333","4,893"
Sep-18,"1,591",344,993,"3,072","6,000"
Oct-18,"1,364",154,"1,239","4,203","6,960"
Nov-18,"1,367",106,"1,319","3,670","6,462"
Dec-18,"1,246",148,940,"2,707","5,041"
Jan-19,683,68,923,"2,921","4,595"
Feb-19,512,70,746,"1,785","3,113"
Mar-19,654,44,592,"2,617","3,907"
Apr-19,940,114,"1,441","3,860","6,355"
May-19,"1,409",84,"1,006","1,504","4,003"
Jun-19,"1,717",146,954,"2,801","5,618"
Jul-19,"1,518",157,968,"2,789","5,432"
Aug-19,"1,771",130,"1,405","3,404","6,710"
Sep-19,"1,410",188,"1,263","3,879","6,740"
Oct-19,"1,424",106,851,"3,197","5,578"
Nov-19,"1,295",171,"1,185","2,373","5,024"
Dec-19,"1,212",114,"1,005","1,781","4,112"
Jan-20,821,70,581,"2,726","4,198"
Feb-20,892,90,783,"3,096","4,861"
Mar-20,"1,113",98,832,"2,074","4,117"
Apr-20,970,102,652,"5,272","6,996"
May-20,"1,387",194,851,"2,065","4,497"
Jun-20,"1,650",237,"1,070","3,520","6,477"
Jul-20,"1,786",164,"1,095","3,817","6,862"
Aug-20,"1,709",184,"1,027","6,339","9,259"
Sep-20,"1,649",202,"1,138","3,372","6,361"
Oct-20,"1,957",234,867,"3,502","6,560"
Nov-20,"1,849",365,"1,512","3,162","6,888"
Dec-20,"1,347",168,782,"2,842","5,139"
Jan-21,"1,014",156,508,"3,910","5,588"
Feb-21,"1,336",92,576,"2,661","4,665"
Mar-21,"1,487",142,"1,437","4,900","7,966"
Apr-21,"2,026",334,911,"3,833","7,104"
May-21,"1,960",197,"1,193","3,889","7,239"
Jun-21,"1,747",139,"1,227","3,418","6,531"
Jul-21,"2,150",194,"1,371","3,741","7,456"
Aug-21,"2,070",130,"1,415","4,518","8,133"
Sep-21,"1,629",104,"1,221","4,353","7,307"
Oct-21,"1,503",186,"1,193","3,050","5,932"
Nov-21,"1,797",216,"1,512","6,784","10,309"
Dec-21,"1,434",124,853,"2,259","4,670"
Jan-22,"1,015",150,688,"1,260","3,113"
Feb-22,"1,057",154,641,"4,729","6,581"
Mar-22,"1,277",152,"1,063","3,086","5,578"
Apr-22,"1,513",157,"1,603","2,178","5,451"
May-22,"1,635",176,"1,465","3,293","6,569"
Jun-22,"1,697",138,"1,549","4,193","7,577"
Jul-22,"1,769",116,"1,272","4,340","7,497"
Aug-22,"1,982",169,"1,986","4,100","8,237"
Sep-22,"1,617",168,"1,156","7,433","10,374"
Oct-22,"1,575",94,"1,200","3,845","6,714"
Nov-22,"1,613",100,"1,595","4,652","7,960"
Dec-22,"1,145",80,876,"5,728","7,829"
Jan-23,807,96,684,"2,809","4,396"
Feb-23,916,86,759,"4,847","6,608"
Mar-23,873,74,900,"3,576","5,423"
Apr-23,858,66,867,"6,562","8,353"
May-23,"1,046",98,"1,080","3,035","5,259"
Jun-23,"1,181",160,"1,068","7,264","9,673"
Jul-23,"1,121",84,"1,260","5,331","7,796"
Aug-23,"1,014",158,"1,285","4,258","6,715"
Sep-23,"1,020",158,"1,279","5,585","8,042"
Oct-23,"1,186",98,878,"5,686","7,848"
Nov-23,"1,011",120,"1,203","2,699","5,033"
Dec-23,851,70,597,"3,549","5,067"
Jan-24,592,32,601,"4,308","5,533"
Feb-24,508,80,458,"5,171","6,217"
Mar-24,769,104,820,"3,486","5,179"
Apr-24,758,120,725,"3,618","5,221"
May-24,904,152,"1,041","4,587","6,684"
Jun-24,885,48,894,"3,303","5,130"
Jul-24,971,78,938,"6,409","8,396"
Aug-24,"1,066",74,"1,119","2,531","4,790"
Sep-24,"1,206",90,956,"2,700","4,952"
Oct-24,"1,070",110,863,"2,829","4,872"
Nov-24,"1,166",113,"1,061","2,446","4,786"
Dec-24,806,56,744,"2,931","4,537"
Jan-25,455,32,450,"2,815","3,752"
Feb-25,433,46,620,"2,706","3,805"
Mar-25,471,42,824,"1,401","2,738"
Apr-25,649,96,611,"3,531","4,887"
May-25,680,52,536,"3,916","5,184"
Jun-25,912,104,848,"2,843","4,707"
Jul-25,755,74,705,"4,356","5,890"
Aug-25,822,60,774,"2,766","4,422"
Sep-25,724,74,788,"5,556","7,142"
Oct-25,839,112,649,"1,596","3,196"
Nov-25,891,113,811,"2,772","4,587"
Dec-25,584,64,711,"5,809","7,168"
Jan-26,477,30,347,"3,192","4,046"
Feb-26,342,38,388,"3,570","4,338"
Mar-26,408,14,589,"2,390","3,401"
Apr-26,491,42,671,"5,082","6,286"
May-26,672,82,498,"3,895","5,147"
Jun-26,839,92,745,"3,147","4,823"
Jul-26,877,126,810,"2,218","4,031"
